state_time,loop_time,motor_current,motor_volt,batt_current,batt_volt,motor_angle,motor_velocity,motor_torque,ankle_angle,ankle_velocity,ankle_torque,temperature
880469,3.005,1,0,58,182,1,-5,0.00012,0.018518518518518517,0,0.004341600000000001,0
880474,3.01,0,1200,58,182,0,-6,0.0,0.0,0,0.0,0
880479,3.015,0,1200,50,184,-1,-2,0.0,-0.018518518518518517,0,0.0,0
880484,3.02,0,1200,50,184,0,0,0.0,0.0,0,0.0,0
880489,3.025,0,1200,59,185,-1,-3,0.0,-0.018518518518518517,0,0.0,0
880494,3.03,1,1200,59,185,0,-4,0.00012,0.0,0,0.004341600000000001,0
880499,3.035,1,1200,65,185,0,0,0.00012,0.0,0,0.004341600000000001,0
880504,3.04,0,1200,65,185,-1,-7,0.0,-0.018518518518518517,0,0.0,0
880509,3.045,2,1200,64,186,-1,-5,0.00024,-0.018518518518518517,0,0.008683200000000002,0
880514,3.05,0,1200,64,186,0,4,0.0,0.0,0,0.0,0
880519,3.055,3,1200,56,186,0,-4,0.00036,0.0,0,0.013024800000000003,0
880524,3.06,0,1200,56,186,0,-1,0.0,0.0,0,0.0,0
880529,3.065,0,1200,56,185,-1,-3,0.0,-0.018518518518518517,0,0.0,0
880534,3.07,2,1200,56,185,0,-6,0.00024,0.0,0,0.008683200000000002,0
880539,3.075,-3,1200,67,185,-1,-5,-0.00036,-0.018518518518518517,0,-0.013024800000000003,0
880544,3.08,-1,1200,67,185,0,0,-0.00012,0.0,0,-0.004341600000000001,0
880549,3.085,1,1200,71,184,2,1,0.00012,0.037037037037037035,0,0.004341600000000001,0
880559,3.095,0,1200,77,183,0,0,0.0,0.0,0,0.0,0
880564,3.1,0,1200,77,183,0,3,0.0,0.0,0,0.0,0
880569,3.105,0,1200,72,184,1,3,0.0,0.018518518518518517,0,0.0,0
880574,3.11,0,1200,72,184,-1,1,0.0,-0.018518518518518517,0,0.0,0
880579,3.115,0,1200,73,186,0,-3,0.0,0.0,0,0.0,0
880584,3.12,0,1200,73,186,0,-7,0.0,0.0,0,0.0,0
880589,3.125,1,1200,72,183,-1,-5,0.00012,-0.018518518518518517,0,0.004341600000000001,0
880594,3.13,1,1200,72,183,0,0,0.00012,0.0,0,0.004341600000000001,0
880599,3.135,1,1200,65,180,0,0,0.00012,0.0,0,0.004341600000000001,0
880604,3.14,0,1200,65,180,1,2,0.0,0.018518518518518517,0,0.0,0
880609,3.145,0,1200,73,180,1,10,0.0,0.018518518518518517,0,0.0,0
880614,3.15,0,1200,73,180,1,3,0.0,0.018518518518518517,0,0.0,0
880619,3.155,2,1200,67,184,1,4,0.00024,0.018518518518518517,0,0.008683200000000002,0
880624,3.16,0,1200,67,184,1,5,0.0,0.018518518518518517,0,0.0,0
880629,3.165,2,1200,57,183,1,13,0.00024,0.018518518518518517,0,0.008683200000000002,0
880634,3.17,3,1200,57,183,1,6,0.00036,0.018518518518518517,0,0.013024800000000003,0
880639,3.175,0,1200,52,183,1,-1,0.0,0.018518518518518517,0,0.0,0
880644,3.18,0,1200,52,183,1,4,0.0,0.018518518518518517,0,0.0,0
880654,3.19,0,1200,50,184,1,4,0.0,0.018518518518518517,0,0.0,0
880659,3.195,0,1200,58,185,1,-1,0.0,0.018518518518518517,0,0.0,0
880664,3.2,1,1200,58,185,0,2,0.00012,0.0,0,0.004341600000000001,0
880669,3.205,0,1200,48,182,0,-1,0.0,0.0,0,0.0,0
880674,3.21,0,1200,48,182,0,-10,0.0,0.0,0,0.0,0
880679,3.215,2,1200,52,185,1,6,0.00024,0.018518518518518517,0,0.008683200000000002,0
880684,3.22,0,1200,52,185,1,2,0.0,0.018518518518518517,0,0.0,0
880689,3.225,1,1200,62,189,-1,-6,0.00012,-0.018518518518518517,0,0.004341600000000001,0
880694,3.23,0,1200,62,189,0,-1,0.0,0.0,0,0.0,0
880699,3.235,1,1200,77,191,-1,-6,0.00012,-0.018518518518518517,0,0.004341600000000001,0
880704,3.24,0,1200,77,191,0,-7,0.0,0.0,0,0.0,0
880709,3.245,0,1200,81,188,0,0,0.0,0.0,0,0.0,0
880714,3.25,-1,1200,81,188,0,-1,-0.00012,0.0,0,-0.004341600000000001,0
880719,3.255,1,1200,84,185,0,0,0.00012,0.0,0,0.004341600000000001,0
880724,3.26,0,1200,84,185,1,1,0.0,0.018518518518518517,0,0.0,0
880729,3.265,0,1200,79,185,0,0,0.0,0.0,0,0.0,0
880734,3.27,1,1200,79,185,0,0,0.00012,0.0,0,0.004341600000000001,0
880739,3.275,1,1200,68,186,1,0,0.00012,0.018518518518518517,0,0.004341600000000001,0
880744,3.28,-4,1200,68,186,0,-1,-0.00048,0.0,0,-0.017366400000000004,0
880749,3.285,-5,1200,60,183,0,0,-0.0006000000000000001,0.0,0,-0.021708000000000005,0
880754,3.29,0,1200,60,183,0,-2,0.0,0.0,0,0.0,0
880764,3.3,1,1200,56,182,1,4,0.00012,0.018518518518518517,0,0.004341600000000001,0
880769,3.305,0,1200,59,181,-1,-3,0.0,-0.018518518518518517,0,0.0,0
880774,3.31,0,1200,59,181,1,0,0.0,0.018518518518518517,0,0.0,0
880779,3.315,0,1200,59,181,-1,-3,0.0,-0.018518518518518517,0,0.0,0
880784,3.32,0,1200,59,181,0,0,0.0,0.0,0,0.0,0
880789,3.325,0,1200,59,183,0,1,0.0,0.0,0,0.0,0
880794,3.33,0,1200,59,183,0,2,0.0,0.0,0,0.0,0
880799,3.335,0,1200,66,183,0,-2,0.0,0.0,0,0.0,0
880804,3.34,1,1200,66,183,0,-7,0.00012,0.0,0,0.004341600000000001,0
880809,3.345,2,1200,69,184,0,-2,0.00024,0.0,0,0.008683200000000002,0
880814,3.35,0,1200,69,184,0,-2,0.0,0.0,0,0.0,0
880819,3.355,1,1200,57,182,1,4,0.00012,0.018518518518518517,0,0.004341600000000001,0
880824,3.36,1,1200,57,182,0,0,0.00012,0.0,0,0.004341600000000001,0
880829,3.365,3,1200,49,182,1,0,0.00036,0.018518518518518517,0,0.013024800000000003,0
880834,3.37,0,1200,49,182,0,2,0.0,0.0,0,0.0,0
880839,3.375,0,1200,52,184,0,0,0.0,0.0,0,0.0,0
880844,3.38,-2,1200,52,184,0,-2,-0.00024,0.0,0,-0.008683200000000002,0
880849,3.385,-3,1200,88,185,1,1,-0.00036,0.018518518518518517,0,-0.013024800000000003,0
880854,3.39,0,1200,88,185,-1,0,0.0,-0.018518518518518517,0,0.0,0
880859,3.395,-1,1200,83,183,0,0,-0.00012,0.0,0,-0.004341600000000001,0
880864,3.4,0,1200,83,183,1,-3,0.0,0.018518518518518517,0,0.0,0
880874,3.41,0,1200,90,187,0,0,0.0,0.0,0,0.0,0
880879,3.415,1,1200,69,191,1,0,0.00012,0.018518518518518517,0,0.004341600000000001,0
880884,3.42,2,1200,69,191,0,3,0.00024,0.0,0,0.008683200000000002,0
880889,3.425,0,1200,77,190,0,5,0.0,0.0,0,0.0,0
880894,3.43,0,1200,77,190,-1,-3,0.0,-0.018518518518518517,0,0.0,0
880899,3.435,1,1200,82,185,0,-2,0.00012,0.0,0,0.004341600000000001,0
880904,3.44,0,1200,82,185,1,3,0.0,0.018518518518518517,0,0.0,0
880909,3.445,0,1200,83,182,1,0,0.0,0.018518518518518517,0,0.0,0
880914,3.45,0,1200,83,182,0,0,0.0,0.0,0,0.0,0
880919,3.455,2,1200,86,183,1,4,0.00024,0.018518518518518517,0,0.008683200000000002,0
880924,3.46,0,1200,86,183,0,-5,0.0,0.0,0,0.0,0
880929,3.465,0,1200,74,183,0,0,0.0,0.0,0,0.0,0
880934,3.47,0,1200,74,183,0,-1,0.0,0.0,0,0.0,0
880939,3.475,0,1200,71,182,-1,0,0.0,-0.018518518518518517,0,0.0,0
880944,3.48,1,1200,71,182,0,-8,0.00012,0.0,0,0.004341600000000001,0
880949,3.485,5,1200,65,182,0,0,0.0006000000000000001,0.0,0,0.021708000000000005,0
880954,3.49,0,1200,65,182,2,5,0.0,0.037037037037037035,0,0.0,0
880959,3.495,0,1200,59,181,-1,-4,0.0,-0.018518518518518517,0,0.0,0
880964,3.5,2,1200,59,181,0,-2,0.00024,0.0,0,0.008683200000000002,0
880969,3.505,1,1200,65,181,0,-2,0.00012,0.0,0,0.004341600000000001,0
880974,3.51,0,1200,65,181,0,-4,0.0,0.0,0,0.0,0
880984,3.52,2,1200,65,183,0,-5,0.00024,0.0,0,0.008683200000000002,0
880989,3.525,0,1200,55,184,1,0,0.0,0.018518518518518517,0,0.0,0
880994,3.53,0,1200,55,184,1,6,0.0,0.018518518518518517,0,0.0,0
880999,3.535,1,1200,57,185,-1,-3,0.00012,-0.018518518518518517,0,0.004341600000000001,0
881004,3.54,4,1200,57,185,0,-5,0.00048,0.0,0,0.017366400000000004,0
881009,3.545,2,1200,61,186,0,-2,0.00024,0.0,0,0.008683200000000002,0
881014,3.55,0,1200,61,186,1,-3,0.0,0.018518518518518517,0,0.0,0
881019,3.555,3,1200,79,188,0,-1,0.00036,0.0,0,0.013024800000000003,0
881024,3.56,0,1200,79,188,1,5,0.0,0.018518518518518517,0,0.0,0
881029,3.565,2,1200,58,187,0,-1,0.00024,0.0,0,0.008683200000000002,0
881034,3.57,1,1200,58,187,0,0,0.00012,0.0,0,0.004341600000000001,0
881039,3.575,0,1200,43,184,1,0,0.0,0.018518518518518517,0,0.0,0
881044,3.58,0,1200,43,184,1,2,0.0,0.018518518518518517,0,0.0,0
881049,3.585,1,1200,33,183,0,0,0.00012,0.0,0,0.004341600000000001,0
881054,3.59,2,1200,33,183,0,-4,0.00024,0.0,0,0.008683200000000002,0
881059,3.595,-3,1200,59,184,-1,-5,-0.00036,-0.018518518518518517,0,-0.013024800000000003,0
881064,3.6,2,1200,59,184,0,1,0.00024,0.0,0,0.008683200000000002,0
881069,3.605,2,1200,73,185,2,7,0.00024,0.037037037037037035,0,0.008683200000000002,0
881074,3.61,1,1200,73,185,0,0,0.00012,0.0,0,0.004341600000000001,0
881079,3.615,0,1200,76,184,2,8,0.0,0.037037037037037035,0,0.0,0
881084,3.62,0,1200,76,184,1,4,0.0,0.018518518518518517,0,0.0,0
881089,3.625,0,1200,77,182,0,-5,0.0,0.0,0,0.0,0
881099,3.635,1,1200,70,183,2,3,0.00012,0.037037037037037035,0,0.004341600000000001,0
881104,3.64,2,1200,70,183,-1,-1,0.00024,-0.018518518518518517,0,0.008683200000000002,0
881109,3.645,1,1200,65,182,0,3,0.00012,0.0,0,0.004341600000000001,0
881114,3.65,0,1200,65,182,0,0,0.0,0.0,0,0.0,0
881119,3.655,2,1200,69,183,-1,-3,0.00024,-0.018518518518518517,0,0.008683200000000002,0
881124,3.66,3,1200,69,183,0,0,0.00036,0.0,0,0.013024800000000003,0
881129,3.665,4,1200,70,184,2,5,0.00048,0.037037037037037035,0,0.017366400000000004,0
881134,3.67,0,1200,70,184,0,-2,0.0,0.0,0,0.0,0
881139,3.675,-1,1200,61,185,0,-4,-0.00012,0.0,0,-0.004341600000000001,0
881144,3.68,0,1200,61,185,1,0,0.0,0.018518518518518517,0,0.0,0
881149,3.685,0,1200,54,185,0,4,0.0,0.0,0,0.0,0
881154,3.69,-2,1200,54,185,0,0,-0.00024,0.0,0,-0.008683200000000002,0
881159,3.695,-2,1200,54,184,0,0,-0.00024,0.0,0,-0.008683200000000002,0
881164,3.7,-5,1200,54,184,1,2,-0.0006000000000000001,0.018518518518518517,0,-0.021708000000000005,0
881169,3.705,0,1200,61,186,0,1,0.0,0.0,0,0.0,0
881174,3.71,0,1200,61,186,0,1,0.0,0.0,0,0.0,0
881179,3.715,0,1200,56,188,1,-6,0.0,0.018518518518518517,0,0.0,0
881184,3.72,0,1200,56,188,0,-3,0.0,0.0,0,0.0,0
881189,3.725,0,1200,44,188,0,1,0.0,0.0,0,0.0,0
881194,3.73,0,1200,44,188,0,2,0.0,0.0,0,0.0,0
881199,3.735,0,1200,60,185,-1,-1,0.0,-0.018518518518518517,0,0.0,0
881204,3.74,0,1200,60,185,0,0,0.0,0.0,0,0.0,0
881214,3.75,0,1200,63,184,0,-1,0.0,0.0,0,0.0,0
881219,3.755,3,1200,64,182,0,-3,0.00036,0.0,0,0.013024800000000003,0
881224,3.76,2,1200,64,182,0,2,0.00024,0.0,0,0.008683200000000002,0
881229,3.765,3,1200,57,181,-1,-9,0.00036,-0.018518518518518517,0,0.013024800000000003,0
881234,3.77,2,1200,57,181,0,-3,0.00024,0.0,0,0.008683200000000002,0
881239,3.775,0,1200,57,182,0,-5,0.0,0.0,0,0.0,0
881244,3.78,0,1200,57,182,-1,-1,0.0,-0.018518518518518517,0,0.0,0
881249,3.785,2,1200,75,184,1,-3,0.00024,0.018518518518518517,0,0.008683200000000002,0
881254,3.79,2,1200,75,184,1,1,0.00024,0.018518518518518517,0,0.008683200000000002,0
881259,3.795,0,1200,72,182,1,2,0.0,0.018518518518518517,0,0.0,0
881264,3.8,6,1200,72,182,2,5,0.00072,0.037037037037037035,0,0.026049600000000006,0
881269,3.805,6,1200,61,181,0,0,0.00072,0.0,0,0.026049600000000006,0
881274,3.81,0,1200,61,181,1,3,0.0,0.018518518518518517,0,0.0,0
881279,3.815,1,1200,59,182,1,4,0.00012,0.018518518518518517,0,0.004341600000000001,0
881284,3.82,0,1200,59,182,0,-4,0.0,0.0,0,0.0,0
881289,3.825,1,1200,64,184,0,-1,0.00012,0.0,0,0.004341600000000001,0
881294,3.83,0,1200,64,184,1,0,0.0,0.018518518518518517,0,0.0,0
881299,3.835,1,1200,71,183,0,3,0.00012,0.0,0,0.004341600000000001,0
881304,3.84,1,1200,71,183,0,0,0.00012,0.0,0,0.004341600000000001,0
881309,3.845,0,1200,71,184,1,5,0.0,0.018518518518518517,0,0.0,0
881314,3.85,0,1200,71,184,0,0,0.0,0.0,0,0.0,0
881324,3.86,0,1200,61,185,1,0,0.0,0.018518518518518517,0,0.0,0
881329,3.865,3,1200,59,185,1,4,0.00036,0.018518518518518517,0,0.013024800000000003,0
881334,3.87,0,1200,59,185,0,2,0.0,0.0,0,0.0,0
881339,3.875,0,1200,63,183,0,-7,0.0,0.0,0,0.0,0
881344,3.88,1,1200,63,183,1,0,0.00012,0.018518518518518517,0,0.004341600000000001,0
881349,3.885,2,1200,54,182,0,3,0.00024,0.0,0,0.008683200000000002,0
881354,3.89,1,1200,54,182,0,0,0.00012,0.0,0,0.004341600000000001,0
881359,3.895,0,1200,69,184,0,-2,0.0,0.0,0,0.0,0
881364,3.9,0,1200,69,184,0,-5,0.0,0.0,0,0.0,0
881369,3.905,0,1200,72,187,0,4,0.0,0.0,0,0.0,0
881374,3.91,5,1200,72,187,0,1,0.0006000000000000001,0.0,0,0.021708000000000005,0
881379,3.915,1,1200,79,186,1,4,0.00012,0.018518518518518517,0,0.004341600000000001,0
881384,3.92,1,1200,79,186,0,0,0.00012,0.0,0,0.004341600000000001,0
881389,3.925,-1,1200,88,185,0,0,-0.00012,0.0,0,-0.004341600000000001,0
881394,3.93,0,1200,88,185,0,1,0.0,0.0,0,0.0,0
881399,3.935,2,1200,84,186,0,2,0.00024,0.0,0,0.008683200000000002,0
881404,3.94,1,1200,84,186,0,2,0.00012,0.0,0,0.004341600000000001,0
881409,3.945,2,1200,62,182,-1,-2,0.00024,-0.018518518518518517,0,0.008683200000000002,0
881414,3.95,2,1200,62,182,0,-6,0.00024,0.0,0,0.008683200000000002,0
881419,3.955,2,1200,54,180,1,0,0.00024,0.018518518518518517,0,0.008683200000000002,0
881424,3.96,-1,1200,54,180,0,0,-0.00012,0.0,0,-0.004341600000000001,0
881429,3.965,1,1200,58,182,1,1,0.00012,0.018518518518518517,0,0.004341600000000001,0
881434,3.97,2,1200,58,182,0,3,0.00024,0.0,0,0.008683200000000002,0
881439,3.975,0,1200,62,186,1,-2,0.0,0.018518518518518517,0,0.0,0
881449,3.985,2,1200,63,184,0,-3,0.00024,0.0,0,0.008683200000000002,0
881454,3.99,1,1200,63,184,1,4,0.00012,0.018518518518518517,0,0.004341600000000001,0
881459,3.995,0,1200,67,184,0,-1,0.0,0.0,0,0.0,0
881464,4.0,1,1200,67,184,1,6,0.00012,0.018518518518518517,0,0.004341600000000001,0
881469,4.005,0,1200,64,185,-1,-2,0.0,-0.018518518518518517,0,0.0,0
881474,4.01,1,1200,64,185,-1,-6,0.00012,-0.018518518518518517,0,0.004341600000000001,0
881479,4.015,2,1200,64,185,0,0,0.00024,0.0,0,0.008683200000000002,0
881484,4.02,-3,1200,64,185,1,3,-0.00036,0.018518518518518517,0,-0.013024800000000003,0
881489,4.025,-1,1200,44,186,-1,-5,-0.00012,-0.018518518518518517,0,-0.004341600000000001,0
881494,4.03,0,1200,44,186,-1,-1,0.0,-0.018518518518518517,0,0.0,0
881499,4.035,1,1200,58,184,0,0,0.00012,0.0,0,0.004341600000000001,0
881504,4.04,2,1200,58,184,1,11,0.00024,0.018518518518518517,0,0.008683200000000002,0
881509,4.045,3,1200,56,185,0,0,0.00036,0.0,0,0.013024800000000003,0
881514,4.05,-2,1200,56,185,1,2,-0.00024,0.018518518518518517,0,-0.008683200000000002,0
881519,4.055,2,1200,68,185,1,1,0.00024,0.018518518518518517,0,0.008683200000000002,0
881524,4.06,0,1200,68,185,0,-13,0.0,0.0,0,0.0,0
881529,4.065,0,1200,66,185,1,-1,0.0,0.018518518518518517,0,0.0,0
881534,4.07,0,1200,66,185,0,-5,0.0,0.0,0,0.0,0
881539,4.075,1,1200,67,187,2,5,0.00012,0.037037037037037035,0,0.004341600000000001,0
881544,4.08,0,1200,67,187,0,-2,0.0,0.0,0,0.0,0
881549,4.085,0,1200,69,185,0,0,0.0,0.0,0,0.0,0
881559,4.095,1,1200,71,183,0,-1,0.00012,0.0,0,0.004341600000000001,0
881564,4.1,0,1200,71,183,0,-4,0.0,0.0,0,0.0,0
881569,4.105,1,1200,71,182,0,2,0.00012,0.0,0,0.004341600000000001,0
881574,4.11,0,1200,71,182,-1,4,0.0,-0.018518518518518517,0,0.0,0
881579,4.115,0,1200,61,184,1,4,0.0,0.018518518518518517,0,0.0,0
881584,4.12,2,1200,61,184,0,-2,0.00024,0.0,0,0.008683200000000002,0
881589,4.125,-3,1200,55,185,1,4,-0.00036,0.018518518518518517,0,-0.013024800000000003,0
881594,4.13,2,1200,55,185,-1,-3,0.00024,-0.018518518518518517,0,0.008683200000000002,0
881599,4.135,1,1200,33,181,-1,-8,0.00012,-0.018518518518518517,0,0.004341600000000001,0
881604,4.14,1,1200,33,181,1,5,0.00012,0.018518518518518517,0,0.004341600000000001,0
881609,4.145,1,1200,32,178,0,4,0.00012,0.0,0,0.004341600000000001,0
881614,4.15,-2,1200,32,178,1,3,-0.00024,0.018518518518518517,0,-0.008683200000000002,0
881619,4.155,0,1200,32,181,0,-7,0.0,0.0,0,0.0,0
881624,4.16,-2,1200,32,181,1,8,-0.00024,0.018518518518518517,0,-0.008683200000000002,0
881629,4.165,0,1200,46,185,1,4,0.0,0.018518518518518517,0,0.0,0
881634,4.17,-1,1200,46,185,1,1,-0.00012,0.018518518518518517,0,-0.004341600000000001,0
881639,4.175,-1,1200,60,182,0,7,-0.00012,0.0,0,-0.004341600000000001,0
881644,4.18,0,1200,60,182,0,-6,0.0,0.0,0,0.0,0
881649,4.185,3,1200,62,182,1,-3,0.00036,0.018518518518518517,0,0.013024800000000003,0
881659,4.195,1,1200,58,184,1,-4,0.00012,0.018518518518518517,0,0.004341600000000001,0
881664,4.2,2,1200,58,184,0,6,0.00024,0.0,0,0.008683200000000002,0
881669,4.205,1,1200,49,185,0,-2,0.00012,0.0,0,0.004341600000000001,0
881674,4.21,0,1200,49,185,1,2,0.0,0.018518518518518517,0,0.0,0
881679,4.215,0,1200,47,187,0,2,0.0,0.0,0,0.0,0
881684,4.22,0,1200,47,187,0,-1,0.0,0.0,0,0.0,0
881689,4.225,7,1200,58,188,0,-2,0.00084,0.0,0,0.030391200000000004,0
881694,4.23,3,1200,58,188,0,-5,0.00036,0.0,0,0.013024800000000003,0
881699,4.235,2,1200,63,186,1,6,0.00024,0.018518518518518517,0,0.008683200000000002,0
881704,4.24,0,1200,63,186,0,-3,0.0,0.0,0,0.0,0
881709,4.245,0,1200,72,182,1,1,0.0,0.018518518518518517,0,0.0,0
881714,4.25,1,1200,72,182,0,3,0.00012,0.0,0,0.004341600000000001,0
881719,4.255,1,1200,79,182,0,0,0.00012,0.0,0,0.004341600000000001,0
881724,4.26,0,1200,79,182,0,-6,0.0,0.0,0,0.0,0
881729,4.265,1,1200,89,183,0,-1,0.00012,0.0,0,0.004341600000000001,0
881734,4.27,1,1200,89,183,1,-5,0.00012,0.018518518518518517,0,0.004341600000000001,0
881744,4.28,0,1200,79,182,0,0,0.0,0.0,0,0.0,0
881749,4.285,4,1200,61,179,0,0,0.00048,0.0,0,0.017366400000000004,0
881754,4.29,0,1200,61,179,0,2,0.0,0.0,0,0.0,0
881759,4.295,0,1200,53,180,1,5,0.0,0.018518518518518517,0,0.0,0
881764,4.3,1,1200,53,180,1,1,0.00012,0.018518518518518517,0,0.004341600000000001,0
881769,4.305,0,1200,56,183,1,4,0.0,0.018518518518518517,0,0.0,0
881774,4.31,-1,1200,56,183,0,-1,-0.00012,0.0,0,-0.004341600000000001,0
881779,4.315,1,1200,66,183,1,3,0.00012,0.018518518518518517,0,0.004341600000000001,0
881784,4.32,1,1200,66,183,1,7,0.00012,0.018518518518518517,0,0.004341600000000001,0
881789,4.325,1,1200,55,181,0,7,0.00012,0.0,0,0.004341600000000001,0
881794,4.33,6,1200,55,181,0,0,0.00072,0.0,0,0.026049600000000006,0
881799,4.335,-4,1200,38,178,-1,-5,-0.00048,-0.018518518518518517,0,-0.017366400000000004,0
881804,4.34,-2,1200,38,178,0,-5,-0.00024,0.0,0,-0.008683200000000002,0
881809,4.345,0,1200,30,181,0,-2,0.0,0.0,0,0.0,0
881814,4.35,1,1200,30,181,0,0,0.00012,0.0,0,0.004341600000000001,0
881819,4.355,1,1200,32,182,1,-4,0.00012,0.018518518518518517,0,0.004341600000000001,0
881824,4.36,0,1200,32,182,2,3,0.0,0.037037037037037035,0,0.0,0
881834,4.37,0,1200,55,185,0,-4,0.0,0.0,0,0.0,0
881839,4.375,2,1200,52,185,0,-4,0.00024,0.0,0,0.008683200000000002,0
881844,4.38,3,1200,52,185,1,4,0.00036,0.018518518518518517,0,0.013024800000000003,0
881849,4.385,2,1200,67,186,1,4,0.00024,0.018518518518518517,0,0.008683200000000002,0
881854,4.39,0,1200,67,186,0,5,0.0,0.0,0,0.0,0
881859,4.395,1,1200,62,184,0,3,0.00012,0.0,0,0.004341600000000001,0
881864,4.4,2,1200,62,184,1,3,0.00024,0.018518518518518517,0,0.008683200000000002,0
881869,4.405,1,1200,76,183,0,-4,0.00012,0.0,0,0.004341600000000001,0
881874,4.41,1,1200,76,183,1,0,0.00012,0.018518518518518517,0,0.004341600000000001,0
881879,4.415,3,1200,64,184,0,0,0.00036,0.0,0,0.013024800000000003,0
881884,4.42,0,1200,64,184,0,0,0.0,0.0,0,0.0,0
881889,4.425,0,1200,88,186,1,11,0.0,0.018518518518518517,0,0.0,0
881894,4.43,0,1200,88,186,0,-5,0.0,0.0,0,0.0,0
881899,4.435,-4,1200,97,184,0,0,-0.00048,0.0,0,-0.017366400000000004,0
881904,4.44,0,1200,97,184,1,-2,0.0,0.018518518518518517,0,0.0,0
881909,4.445,1,1200,106,182,0,0,0.00012,0.0,0,0.004341600000000001,0
881914,4.45,0,1200,106,182,0,0,0.0,0.0,0,0.0,0
881924,4.46,0,1200,97,183,0,-3,0.0,0.0,0,0.0,0
881929,4.465,0,1200,77,183,0,0,0.0,0.0,0,0.0,0
881934,4.47,2,1200,77,183,-1,-9,0.00024,-0.018518518518518517,0,0.008683200000000002,0
881939,4.475,1,1200,76,185,1,3,0.00012,0.018518518518518517,0,0.004341600000000001,0
881944,4.48,0,1200,76,185,0,0,0.0,0.0,0,0.0,0
881949,4.485,0,1200,63,183,0,-3,0.0,0.0,0,0.0,0
881954,4.49,0,1200,63,183,1,1,0.0,0.018518518518518517,0,0.0,0
881959,4.495,2,1200,64,183,0,-6,0.00024,0.0,0,0.008683200000000002,0
881964,4.5,2,1200,64,183,1,0,0.00024,0.018518518518518517,0,0.008683200000000002,0
881969,4.505,0,1200,36,182,0,-3,0.0,0.0,0,0.0,0
881974,4.51,0,1200,36,182,0,-1,0.0,0.0,0,0.0,0
881979,4.515,1,1200,38,183,1,0,0.00012,0.018518518518518517,0,0.004341600000000001,0
881984,4.52,0,1200,38,183,0,5,0.0,0.0,0,0.0,0
881989,4.525,0,1200,36,185,1,-1,0.0,0.018518518518518517,0,0.0,0
881994,4.53,4,1200,36,185,1,1,0.00048,0.018518518518518517,0,0.017366400000000004,0
881999,4.535,8,1200,14,184,1,0,0.00096,0.018518518518518517,0,0.03473280000000001,0
882004,4.54,1,1200,14,184,0,1,0.00012,0.0,0,0.004341600000000001,0
882009,4.545,0,1200,28,184,1,2,0.0,0.018518518518518517,0,0.0,0
882014,4.55,1,1200,28,184,1,5,0.00012,0.018518518518518517,0,0.004341600000000001,0
882024,4.56,-1,1200,32,185,0,-6,-0.00012,0.0,0,-0.004341600000000001,0
882029,4.565,1,1200,58,188,1,0,0.00012,0.018518518518518517,0,0.004341600000000001,0
882034,4.57,0,1200,58,188,0,-4,0.0,0.0,0,0.0,0
882039,4.575,0,1200,66,186,0,-3,0.0,0.0,0,0.0,0
882044,4.58,0,1200,66,186,0,0,0.0,0.0,0,0.0,0
882049,4.585,2,1200,68,182,0,1,0.00024,0.0,0,0.008683200000000002,0
882054,4.59,-1,1200,68,182,-1,-5,-0.00012,-0.018518518518518517,0,-0.004341600000000001,0
882059,4.595,0,1200,72,182,0,-2,0.0,0.0,0,0.0,0
882064,4.6,2,1200,72,182,0,0,0.00024,0.0,0,0.008683200000000002,0
882069,4.605,0,1200,74,183,1,4,0.0,0.018518518518518517,0,0.0,0
882074,4.61,0,1200,74,183,1,-3,0.0,0.018518518518518517,0,0.0,0
882079,4.615,2,1200,70,183,1,0,0.00024,0.018518518518518517,0,0.008683200000000002,0
882084,4.62,1,1200,70,183,0,0,0.00012,0.0,0,0.004341600000000001,0
882089,4.625,0,1200,75,183,0,-1,0.0,0.0,0,0.0,0
882094,4.63,1,1200,75,183,1,5,0.00012,0.018518518518518517,0,0.004341600000000001,0
882099,4.635,2,1200,62,184,0,3,0.00024,0.0,0,0.008683200000000002,0
882104,4.64,8,1200,62,184,0,-5,0.00096,0.0,0,0.03473280000000001,0
882109,4.645,8,1200,45,185,0,4,0.00096,0.0,0,0.03473280000000001,0
882114,4.65,1,1200,45,185,1,4,0.00012,0.018518518518518517,0,0.004341600000000001,0
882119,4.655,1,1200,45,185,0,-8,0.00012,0.0,0,0.004341600000000001,0
882129,4.665,3,1200,36,184,0,0,0.00036,0.0,0,0.013024800000000003,0
882134,4.67,2,1200,36,184,0,-2,0.00024,0.0,0,0.008683200000000002,0
882139,4.675,0,1200,61,185,1,-2,0.0,0.018518518518518517,0,0.0,0
882144,4.68,0,1200,61,185,0,-1,0.0,0.0,0,0.0,0
882149,4.685,2,1200,50,185,1,1,0.00024,0.018518518518518517,0,0.008683200000000002,0
882154,4.69,0,1200,50,185,0,5,0.0,0.0,0,0.0,0
882159,4.695,2,1200,58,186,0,2,0.00024,0.0,0,0.008683200000000002,0
882164,4.7,1,1200,58,186,0,1,0.00012,0.0,0,0.004341600000000001,0
882169,4.705,1,1200,58,185,0,-1,0.00012,0.0,0,0.004341600000000001,0
882174,4.71,0,1200,58,185,1,4,0.0,0.018518518518518517,0,0.0,0
882179,4.715,1,1200,52,185,1,5,0.00012,0.018518518518518517,0,0.004341600000000001,0
882184,4.72,1,1200,52,185,1,0,0.00012,0.018518518518518517,0,0.004341600000000001,0
882189,4.725,0,1200,49,187,1,5,0.0,0.018518518518518517,0,0.0,0
882194,4.73,-2,1200,49,187,1,7,-0.00024,0.018518518518518517,0,-0.008683200000000002,0
882199,4.735,1,1200,54,183,0,0,0.00012,0.0,0,0.004341600000000001,0
882204,4.74,1,1200,54,183,1,1,0.00012,0.018518518518518517,0,0.004341600000000001,0
882209,4.745,1,1200,85,184,-1,0,0.00012,-0.018518518518518517,0,0.004341600000000001,0
882219,4.755,-1,1200,95,184,0,-3,-0.00012,0.0,0,-0.004341600000000001,0
882224,4.76,1,1200,95,184,-1,-1,0.00012,-0.018518518518518517,0,0.004341600000000001,0
882229,4.765,0,1200,106,185,0,-1,0.0,0.0,0,0.0,0
882234,4.77,0,1200,106,185,1,-4,0.0,0.018518518518518517,0,0.0,0
882239,4.775,-1,1200,100,185,0,3,-0.00012,0.0,0,-0.004341600000000001,0
882244,4.78,0,1200,100,185,0,0,0.0,0.0,0,0.0,0
882249,4.785,2,1200,83,184,0,-2,0.00024,0.0,0,0.008683200000000002,0
882254,4.79,2,1200,83,184,1,4,0.00024,0.018518518518518517,0,0.008683200000000002,0
882259,4.795,1,1200,62,184,0,0,0.00012,0.0,0,0.004341600000000001,0
882264,4.8,1,1200,62,184,0,4,0.00012,0.0,0,0.004341600000000001,0
882269,4.805,2,1200,59,183,0,-3,0.00024,0.0,0,0.008683200000000002,0
882274,4.81,0,1200,59,183,1,-1,0.0,0.018518518518518517,0,0.0,0
882279,4.815,2,1200,62,184,1,8,0.00024,0.018518518518518517,0,0.008683200000000002,0
882284,4.82,1,1200,62,184,0,-4,0.00012,0.0,0,0.004341600000000001,0
882289,4.825,-1,1200,72,185,0,0,-0.00012,0.0,0,-0.004341600000000001,0
882294,4.83,1,1200,72,185,1,3,0.00012,0.018518518518518517,0,0.004341600000000001,0
882299,4.835,4,1200,67,185,1,1,0.00048,0.018518518518518517,0,0.017366400000000004,0
882304,4.84,2,1200,67,185,0,1,0.00024,0.0,0,0.008683200000000002,0
882314,4.85,1,1200,71,183,0,-3,0.00012,0.0,0,0.004341600000000001,0
882319,4.855,8,1200,58,184,1,3,0.00096,0.018518518518518517,0,0.03473280000000001,0
882324,4.86,5,1200,58,184,0,1,0.0006000000000000001,0.0,0,0.021708000000000005,0
882329,4.865,2,1200,48,189,0,-4,0.00024,0.0,0,0.008683200000000002,0
882334,4.87,0,1200,48,189,-1,1,0.0,-0.018518518518518517,0,0.0,0
882339,4.875,0,1200,53,188,-1,-5,0.0,-0.018518518518518517,0,0.0,0
882344,4.88,0,1200,53,188,1,12,0.0,0.018518518518518517,0,0.0,0
882349,4.885,2,1200,58,184,0,0,0.00024,0.0,0,0.008683200000000002,0
882354,4.89,0,1200,58,184,0,0,0.0,0.0,0,0.0,0
882359,4.895,0,1200,61,180,1,-6,0.0,0.018518518518518517,0,0.0,0
882364,4.9,0,1200,61,180,0,-3,0.0,0.0,0,0.0,0
882369,4.905,-1,1200,36,180,0,0,-0.00012,0.0,0,-0.004341600000000001,0
882374,4.91,0,1200,36,180,0,0,0.0,0.0,0,0.0,0
882379,4.915,1,1200,38,182,0,-1,0.00012,0.0,0,0.004341600000000001,0
882384,4.92,1,1200,38,182,0,-1,0.00012,0.0,0,0.004341600000000001,0
882389,4.925,0,1200,54,183,1,0,0.0,0.018518518518518517,0,0.0,0
882399,4.935,0,1200,80,185,-1,-2,0.0,-0.018518518518518517,0,0.0,0
882404,4.94,1,1200,80,185,0,2,0.00012,0.0,0,0.004341600000000001,0
882409,4.945,0,1200,50,182,0,-2,0.0,0.0,0,0.0,0
882414,4.95,-1,1200,50,182,0,-1,-0.00012,0.0,0,-0.004341600000000001,0
882419,4.955,-2,1200,54,182,1,-2,-0.00024,0.018518518518518517,0,-0.008683200000000002,0
882424,4.96,0,1200,54,182,0,0,0.0,0.0,0,0.0,0
882429,4.965,4,1200,45,183,1,3,0.00048,0.018518518518518517,0,0.017366400000000004,0
882434,4.97,0,1200,45,183,1,7,0.0,0.018518518518518517,0,0.0,0
882439,4.975,0,1200,62,184,1,2,0.0,0.018518518518518517,0,0.0,0
882444,4.98,-1,1200,62,184,2,4,-0.00012,0.037037037037037035,0,-0.004341600000000001,0
882449,4.985,1,1200,46,183,0,3,0.00012,0.0,0,0.004341600000000001,0
882454,4.99,0,1200,46,183,-1,-1,0.0,-0.018518518518518517,0,0.0,0
882459,4.995,1,1200,54,184,0,1,0.00012,0.0,0,0.004341600000000001,0
882464,5.0,1,1200,54,184,1,5,0.00012,0.018518518518518517,0,0.004341600000000001,0
882469,5.005,2,1200,60,187,1,3,0.00024,0.018518518518518517,0,0.008683200000000002,0
882474,5.01,-1,1200,60,187,1,4,-0.00012,0.018518518518518517,0,-0.004341600000000001,0
882479,5.015,1,1200,66,186,0,-2,0.00012,0.0,0,0.004341600000000001,0
882484,5.02,0,1200,66,186,0,-1,0.0,0.0,0,0.0,0
882494,5.03,0,1200,70,187,1,0,0.0,0.018518518518518517,0,0.0,0
882499,5.035,0,1200,74,185,0,0,0.0,0.0,0,0.0,0
882504,5.04,0,1200,74,185,0,4,0.0,0.0,0,0.0,0
882509,5.045,1,1200,76,187,1,0,0.00012,0.018518518518518517,0,0.004341600000000001,0
882514,5.05,1,1200,76,187,1,0,0.00012,0.018518518518518517,0,0.004341600000000001,0
882519,5.055,2,1200,67,185,0,-4,0.00024,0.0,0,0.008683200000000002,0
882524,5.06,0,1200,67,185,1,1,0.0,0.018518518518518517,0,0.0,0
882529,5.065,2,1200,67,183,0,3,0.00024,0.0,0,0.008683200000000002,0
882534,5.07,0,1200,67,183,0,0,0.0,0.0,0,0.0,0
882539,5.075,-8,1200,65,181,1,5,-0.00096,0.018518518518518517,0,-0.03473280000000001,0
882544,5.08,-4,1200,65,181,0,-4,-0.00048,0.0,0,-0.017366400000000004,0
882549,5.085,2,1200,66,182,0,0,0.00024,0.0,0,0.008683200000000002,0
882554,5.09,0,1200,66,182,1,0,0.0,0.018518518518518517,0,0.0,0
882559,5.095,0,1200,48,180,1,4,0.0,0.018518518518518517,0,0.0,0
882564,5.1,0,1200,48,180,0,2,0.0,0.0,0,0.0,0
882569,5.105,1,1200,53,182,0,-2,0.00012,0.0,0,0.004341600000000001,0
882574,5.11,0,1200,53,182,-1,-2,0.0,-0.018518518518518517,0,0.0,0
882579,5.115,0,1200,39,182,0,2,0.0,0.0,0,0.0,0
882589,5.125,1,1200,50,185,2,6,0.00012,0.037037037037037035,0,0.004341600000000001,0
882594,5.13,0,1200,50,185,0,0,0.0,0.0,0,0.0,0
882599,5.135,1,1200,51,183,-1,-4,0.00012,-0.018518518518518517,0,0.004341600000000001,0
882604,5.14,0,1200,51,183,0,-2,0.0,0.0,0,0.0,0
882609,5.145,1,1200,59,182,0,0,0.00012,0.0,0,0.004341600000000001,0
882614,5.15,0,1200,59,182,0,4,0.0,0.0,0,0.0,0
882619,5.155,1,1200,74,182,0,-2,0.00012,0.0,0,0.004341600000000001,0
882624,5.16,0,1200,74,182,1,0,0.0,0.018518518518518517,0,0.0,0
882629,5.165,1,1200,59,185,-1,-4,0.00012,-0.018518518518518517,0,0.004341600000000001,0
882634,5.17,0,1200,59,185,-1,-10,0.0,-0.018518518518518517,0,0.0,0
882639,5.175,-2,1200,57,185,0,-2,-0.00024,0.0,0,-0.008683200000000002,0
882644,5.18,-7,1200,57,185,0,-4,-0.00084,0.0,0,-0.030391200000000004,0
882649,5.185,1,1200,65,184,2,7,0.00012,0.037037037037037035,0,0.004341600000000001,0
882654,5.19,0,1200,65,184,0,5,0.0,0.0,0,0.0,0
882659,5.195,0,1200,78,184,0,0,0.0,0.0,0,0.0,0
882664,5.2,1,1200,78,184,0,1,0.00012,0.0,0,0.004341600000000001,0
882669,5.205,0,1200,74,185,0,-3,0.0,0.0,0,0.0,0
882674,5.21,0,1200,74,185,1,0,0.0,0.018518518518518517,0,0.0,0
882684,5.22,3,1200,65,184,0,-3,0.00036,0.0,0,0.013024800000000003,0
882689,5.225,1,1200,73,186,0,2,0.00012,0.0,0,0.004341600000000001,0
882694,5.23,0,1200,73,186,1,2,0.0,0.018518518518518517,0,0.0,0
882699,5.235,3,1200,81,185,0,1,0.00036,0.0,0,0.013024800000000003,0
882704,5.24,2,1200,81,185,0,-2,0.00024,0.0,0,0.008683200000000002,0
882709,5.245,2,1200,90,182,-1,-4,0.00024,-0.018518518518518517,0,0.008683200000000002,0
882714,5.25,-1,1200,90,182,0,-6,-0.00012,0.0,0,-0.004341600000000001,0
882719,5.255,0,1200,75,180,0,1,0.0,0.0,0,0.0,0
882724,5.26,0,1200,75,180,0,-3,0.0,0.0,0,0.0,0
882729,5.265,2,1200,61,183,0,0,0.00024,0.0,0,0.008683200000000002,0
882734,5.27,0,1200,61,183,-1,-4,0.0,-0.018518518518518517,0,0.0,0
882739,5.275,0,1200,52,182,0,-3,0.0,0.0,0,0.0,0
882744,5.28,2,1200,52,182,1,0,0.00024,0.018518518518518517,0,0.008683200000000002,0
882749,5.285,0,1200,48,182,1,4,0.0,0.018518518518518517,0,0.0,0
882754,5.29,-4,1200,48,182,1,5,-0.00048,0.018518518518518517,0,-0.017366400000000004,0
882759,5.295,0,1200,60,181,0,0,0.0,0.0,0,0.0,0
882764,5.3,0,1200,60,181,-1,-3,0.0,-0.018518518518518517,0,0.0,0
882769,5.305,1,1200,63,185,0,-3,0.00012,0.0,0,0.004341600000000001,0
882779,5.315,1,1200,62,185,-1,-1,0.00012,-0.018518518518518517,0,0.004341600000000001,0
882784,5.32,0,1200,62,185,0,-4,0.0,0.0,0,0.0,0
882789,5.325,0,1200,65,184,-1,-3,0.0,-0.018518518518518517,0,0.0,0
882794,5.33,-1,1200,65,184,-1,-12,-0.00012,-0.018518518518518517,0,-0.004341600000000001,0
882799,5.335,0,1200,65,184,1,0,0.0,0.018518518518518517,0,0.0,0
882804,5.34,0,1200,65,184,-1,0,0.0,-0.018518518518518517,0,0.0,0
882809,5.345,2,1200,71,185,-1,-4,0.00024,-0.018518518518518517,0,0.008683200000000002,0
882814,5.35,-1,1200,71,185,0,-6,-0.00012,0.0,0,-0.004341600000000001,0
882819,5.355,0,1200,63,187,0,-1,0.0,0.0,0,0.0,0
882824,5.36,0,1200,63,187,1,0,0.0,0.018518518518518517,0,0.0,0
882829,5.365,1,1200,50,187,0,0,0.00012,0.0,0,0.004341600000000001,0
882834,5.37,1,1200,50,187,1,3,0.00012,0.018518518518518517,0,0.004341600000000001,0
882839,5.375,1,1200,57,185,0,-4,0.00012,0.0,0,0.004341600000000001,0
882844,5.38,-1,1200,57,185,-1,-3,-0.00012,-0.018518518518518517,0,-0.004341600000000001,0
882849,5.385,2,1200,58,184,0,2,0.00024,0.0,0,0.008683200000000002,0
882854,5.39,3,1200,58,184,0,-2,0.00036,0.0,0,0.013024800000000003,0
882859,5.395,3,1200,58,181,2,7,0.00036,0.037037037037037035,0,0.013024800000000003,0
882864,5.4,0,1200,58,181,1,3,0.0,0.018518518518518517,0,0.0,0
882874,5.41,1,1200,66,182,1,1,0.00012,0.018518518518518517,0,0.004341600000000001,0
882879,5.415,1,1200,79,184,1,8,0.00012,0.018518518518518517,0,0.004341600000000001,0
882884,5.42,0,1200,79,184,0,-4,0.0,0.0,0,0.0,0
882889,5.425,0,1200,59,184,1,2,0.0,0.018518518518518517,0,0.0,0
882894,5.43,0,1200,59,184,0,0,0.0,0.0,0,0.0,0
882899,5.435,1,1200,54,181,1,4,0.00012,0.018518518518518517,0,0.004341600000000001,0
882904,5.44,0,1200,54,181,0,2,0.0,0.0,0,0.0,0
882909,5.445,0,1200,50,182,0,0,0.0,0.0,0,0.0,0
882914,5.45,-2,1200,50,182,1,1,-0.00024,0.018518518518518517,0,-0.008683200000000002,0
882919,5.455,2,1200,52,183,1,4,0.00024,0.018518518518518517,0,0.008683200000000002,0
882924,5.46,0,1200,52,183,1,2,0.0,0.018518518518518517,0,0.0,0
882929,5.465,0,1200,47,182,0,2,0.0,0.0,0,0.0,0
882934,5.47,2,1200,47,182,-1,2,0.00024,-0.018518518518518517,0,0.008683200000000002,0
882939,5.475,0,1200,30,185,1,1,0.0,0.018518518518518517,0,0.0,0
882944,5.48,1,1200,30,185,1,3,0.00012,0.018518518518518517,0,0.004341600000000001,0
882949,5.485,2,1200,39,185,0,-2,0.00024,0.0,0,0.008683200000000002,0
882954,5.49,0,1200,39,185,2,10,0.0,0.037037037037037035,0,0.0,0
882959,5.495,9,1200,48,188,-1,-6,0.00108,-0.018518518518518517,0,0.0390744,0
882969,5.505,0,1200,73,188,1,1,0.0,0.018518518518518517,0,0.0,0
882974,5.51,0,1200,73,188,1,0,0.0,0.018518518518518517,0,0.0,0
882979,5.515,0,1200,74,187,1,4,0.0,0.018518518518518517,0,0.0,0
882984,5.52,0,1200,74,187,0,1,0.0,0.0,0,0.0,0
882989,5.525,0,1200,92,188,1,0,0.0,0.018518518518518517,0,0.0,0
882994,5.53,0,1200,92,188,-1,-4,0.0,-0.018518518518518517,0,0.0,0
882999,5.535,0,1200,82,187,0,-1,0.0,0.0,0,0.0,0
883004,5.54,2,1200,82,187,1,1,0.00024,0.018518518518518517,0,0.008683200000000002,0
883009,5.545,0,1200,93,184,1,3,0.0,0.018518518518518517,0,0.0,0
883014,5.55,0,1200,93,184,0,8,0.0,0.0,0,0.0,0
883019,5.555,0,1200,71,182,2,6,0.0,0.037037037037037035,0,0.0,0
883024,5.56,-1,1200,71,182,-1,-4,-0.00012,-0.018518518518518517,0,-0.004341600000000001,0
883029,5.565,2,1200,64,184,1,5,0.00024,0.018518518518518517,0,0.008683200000000002,0
883034,5.57,0,1200,64,184,0,2,0.0,0.0,0,0.0,0
883039,5.575,0,1200,68,185,1,3,0.0,0.018518518518518517,0,0.0,0
883044,5.58,0,1200,68,185,1,-1,0.0,0.018518518518518517,0,0.0,0
883049,5.585,2,1200,67,183,0,-3,0.00024,0.0,0,0.008683200000000002,0
883054,5.59,1,1200,67,183,0,-5,0.00012,0.0,0,0.004341600000000001,0
883064,5.6,-1,1200,78,182,0,-4,-0.00012,0.0,0,-0.004341600000000001,0
883069,5.605,-2,1200,62,186,0,-1,-0.00024,0.0,0,-0.008683200000000002,0
883074,5.61,0,1200,62,186,0,2,0.0,0.0,0,0.0,0
883079,5.615,0,1200,46,187,0,-2,0.0,0.0,0,0.0,0
883084,5.62,0,1200,46,187,0,-2,0.0,0.0,0,0.0,0
883089,5.625,-1,1200,49,186,0,0,-0.00012,0.0,0,-0.004341600000000001,0
883094,5.63,0,1200,49,186,0,0,0.0,0.0,0,0.0,0
883099,5.635,0,1200,68,183,-1,-6,0.0,-0.018518518518518517,0,0.0,0
883104,5.64,0,1200,68,183,0,-1,0.0,0.0,0,0.0,0
883109,5.645,2,1200,56,184,-1,-3,0.00024,-0.018518518518518517,0,0.008683200000000002,0
883114,5.65,-1,1200,56,184,1,0,-0.00012,0.018518518518518517,0,-0.004341600000000001,0
883119,5.655,1,1200,52,184,0,-5,0.00012,0.0,0,0.004341600000000001,0
883124,5.66,-1,1200,52,184,0,-1,-0.00012,0.0,0,-0.004341600000000001,0
883129,5.665,0,1200,45,187,1,9,0.0,0.018518518518518517,0,0.0,0
883134,5.67,0,1200,45,187,0,0,0.0,0.0,0,0.0,0
883139,5.675,1,1200,55,187,0,4,0.00012,0.0,0,0.004341600000000001,0
883144,5.68,1,1200,55,187,-1,-4,0.00012,-0.018518518518518517,0,0.004341600000000001,0
883149,5.685,2,1200,47,185,-1,-3,0.00024,-0.018518518518518517,0,0.008683200000000002,0
883159,5.695,2,1200,62,183,0,-3,0.00024,0.0,0,0.008683200000000002,0
883164,5.7,3,1200,62,183,0,1,0.00036,0.0,0,0.013024800000000003,0
883169,5.705,-6,1200,59,182,0,0,-0.00072,0.0,0,-0.026049600000000006,0
883174,5.71,0,1200,59,182,0,-2,0.0,0.0,0,0.0,0
883179,5.715,1,1200,68,184,1,4,0.00012,0.018518518518518517,0,0.004341600000000001,0
883184,5.72,0,1200,68,184,1,5,0.0,0.018518518518518517,0,0.0,0
883189,5.725,1,1200,64,182,-1,-2,0.00012,-0.018518518518518517,0,0.004341600000000001,0
883194,5.73,-1,1200,64,182,1,-2,-0.00012,0.018518518518518517,0,-0.004341600000000001,0
883199,5.735,0,1200,66,181,1,2,0.0,0.018518518518518517,0,0.0,0
883204,5.74,1,1200,66,181,0,-4,0.00012,0.0,0,0.004341600000000001,0
883209,5.745,1,1200,61,182,1,2,0.00012,0.018518518518518517,0,0.004341600000000001,0
883214,5.75,0,1200,61,182,1,9,0.0,0.018518518518518517,0,0.0,0
883219,5.755,3,1200,57,183,0,1,0.00036,0.0,0,0.013024800000000003,0
883224,5.76,0,1200,57,183,0,-1,0.0,0.0,0,0.0,0
883229,5.765,1,1200,53,181,0,-3,0.00012,0.0,0,0.004341600000000001,0
883234,5.77,1,1200,53,181,0,-5,0.00012,0.0,0,0.004341600000000001,0
883239,5.775,0,1200,50,179,0,-2,0.0,0.0,0,0.0,0
883244,5.78,0,1200,50,179,1,4,0.0,0.018518518518518517,0,0.0,0
883254,5.79,0,1200,58,181,1,6,0.0,0.018518518518518517,0,0.0,0
883259,5.795,0,1200,58,182,2,11,0.0,0.037037037037037035,0,0.0,0
883264,5.8,2,1200,58,182,1,5,0.00024,0.018518518518518517,0,0.008683200000000002,0
883269,5.805,6,1200,53,183,0,0,0.00072,0.0,0,0.026049600000000006,0
883274,5.81,1,1200,53,183,0,0,0.00012,0.0,0,0.004341600000000001,0
883279,5.815,0,1200,55,185,-1,0,0.0,-0.018518518518518517,0,0.0,0
883284,5.82,0,1200,55,185,0,0,0.0,0.0,0,0.0,0
883289,5.825,0,1200,54,184,2,4,0.0,0.037037037037037035,0,0.0,0
883294,5.83,0,1200,54,184,0,0,0.0,0.0,0,0.0,0
883299,5.835,4,1200,54,186,0,2,0.00048,0.0,0,0.017366400000000004,0
883304,5.84,0,1200,54,186,0,-3,0.0,0.0,0,0.0,0
883309,5.845,0,1200,51,183,2,7,0.0,0.037037037037037035,0,0.0,0
883314,5.85,0,1200,51,183,1,3,0.0,0.018518518518518517,0,0.0,0
883319,5.855,1,1200,56,184,0,1,0.00012,0.0,0,0.004341600000000001,0
883324,5.86,0,1200,56,184,1,5,0.0,0.018518518518518517,0,0.0,0
883329,5.865,2,1200,50,186,0,4,0.00024,0.0,0,0.008683200000000002,0
883334,5.87,0,1200,50,186,1,9,0.0,0.018518518518518517,0,0.0,0
883339,5.875,0,1200,60,188,0,3,0.0,0.0,0,0.0,0
883349,5.885,1,1200,69,185,0,0,0.00012,0.0,0,0.004341600000000001,0
883354,5.89,0,1200,69,185,0,-5,0.0,0.0,0,0.0,0
883359,5.895,0,1200,76,181,2,0,0.0,0.037037037037037035,0,0.0,0
883364,5.9,1,1200,76,181,-1,-6,0.00012,-0.018518518518518517,0,0.004341600000000001,0
883369,5.905,1,1200,71,182,0,7,0.00012,0.0,0,0.004341600000000001,0
883374,5.91,4,1200,71,182,0,-4,0.00048,0.0,0,0.017366400000000004,0
883379,5.915,0,1200,65,183,1,0,0.0,0.018518518518518517,0,0.0,0
883384,5.92,0,1200,65,183,1,0,0.0,0.018518518518518517,0,0.0,0
883389,5.925,0,1200,63,184,1,0,0.0,0.018518518518518517,0,0.0,0
883394,5.93,1,1200,63,184,1,-4,0.00012,0.018518518518518517,0,0.004341600000000001,0
883399,5.935,0,1200,74,183,1,2,0.0,0.018518518518518517,0,0.0,0
883404,5.94,0,1200,74,183,0,0,0.0,0.0,0,0.0,0
883409,5.945,0,1200,68,182,0,4,0.0,0.0,0,0.0,0
883414,5.95,0,1200,68,182,0,-1,0.0,0.0,0,0.0,0
883419,5.955,2,1200,60,181,1,3,0.00024,0.018518518518518517,0,0.008683200000000002,0
883424,5.96,0,1200,60,181,0,-1,0.0,0.0,0,0.0,0
883429,5.965,4,1200,52,182,1,1,0.00048,0.018518518518518517,0,0.017366400000000004,0
883434,5.97,1,1200,52,182,0,4,0.00012,0.0,0,0.004341600000000001,0
883444,5.98,2,1200,58,185,1,2,0.00024,0.018518518518518517,0,0.008683200000000002,0
883449,5.985,4,1200,65,186,1,1,0.00048,0.018518518518518517,0,0.017366400000000004,0
883454,5.99,0,1200,65,186,0,7,0.0,0.0,0,0.0,0
883459,5.995,0,1200,88,184,-1,-3,0.0,-0.018518518518518517,0,0.0,0
883464,6.0,1,1200,88,184,0,0,0.00012,0.0,0,0.004341600000000001,0
883469,6.005,1,1200,86,185,1,3,0.00012,0.018518518518518517,0,0.004341600000000001,0
883474,6.01,0,1200,86,185,1,-1,0.0,0.018518518518518517,0,0.0,0
883479,6.015,7,1200,84,186,0,-5,0.00084,0.0,0,0.030391200000000004,0
883484,6.02,4,1200,84,186,0,-1,0.00048,0.0,0,0.017366400000000004,0
883489,6.025,1,1200,74,185,0,2,0.00012,0.0,0,0.004341600000000001,0
883494,6.03,1,1200,74,185,0,1,0.00012,0.0,0,0.004341600000000001,0
883499,6.035,2,1200,60,183,0,0,0.00024,0.0,0,0.008683200000000002,0
883504,6.04,0,1200,60,183,0,-1,0.0,0.0,0,0.0,0
883509,6.045,-1,1200,69,183,1,6,-0.00012,0.018518518518518517,0,-0.004341600000000001,0
883514,6.05,0,1200,69,183,0,2,0.0,0.0,0,0.0,0
883519,6.055,1,1200,60,185,1,1,0.00012,0.018518518518518517,0,0.004341600000000001,0
883524,6.06,-2,1200,60,185,0,2,-0.00024,0.0,0,-0.008683200000000002,0
883529,6.065,1,1200,69,186,0,0,0.00012,0.0,0,0.004341600000000001,0
883539,6.075,-2,1200,80,183,0,-5,-0.00024,0.0,0,-0.008683200000000002,0
883544,6.08,0,1200,80,183,0,-3,0.0,0.0,0,0.0,0
883549,6.085,2,1200,85,184,0,-4,0.00024,0.0,0,0.008683200000000002,0
883554,6.09,1,1200,85,184,0,3,0.00012,0.0,0,0.004341600000000001,0
883559,6.095,0,1200,78,182,0,-2,0.0,0.0,0,0.0,0
883564,6.1,0,1200,78,182,-1,-10,0.0,-0.018518518518518517,0,0.0,0
883569,6.105,2,1200,75,182,0,0,0.00024,0.0,0,0.008683200000000002,0
883574,6.11,1,1200,75,182,1,0,0.00012,0.018518518518518517,0,0.004341600000000001,0
883579,6.115,1,1200,73,184,1,3,0.00012,0.018518518518518517,0,0.004341600000000001,0
883584,6.12,0,1200,73,184,0,0,0.0,0.0,0,0.0,0
883589,6.125,-6,1200,48,185,0,0,-0.00072,0.0,0,-0.026049600000000006,0
883594,6.13,0,1200,48,185,0,-1,0.0,0.0,0,0.0,0
883599,6.135,1,1200,33,183,0,-5,0.00012,0.0,0,0.004341600000000001,0
883604,6.14,-2,1200,33,183,0,1,-0.00024,0.0,0,-0.008683200000000002,0
883609,6.145,1,1200,34,182,1,0,0.00012,0.018518518518518517,0,0.004341600000000001,0
883614,6.15,0,1200,34,182,1,0,0.0,0.018518518518518517,0,0.0,0
883619,6.155,2,1200,60,183,0,-6,0.00024,0.0,0,0.008683200000000002,0
883624,6.16,0,1200,60,183,1,5,0.0,0.018518518518518517,0,0.0,0
883634,6.17,0,1200,76,185,1,1,0.0,0.018518518518518517,0,0.0,0
883639,6.175,-1,1200,51,187,1,1,-0.00012,0.018518518518518517,0,-0.004341600000000001,0
883644,6.18,0,1200,51,187,0,3,0.0,0.0,0,0.0,0
883649,6.185,1,1200,60,185,0,-3,0.00012,0.0,0,0.004341600000000001,0
883654,6.19,0,1200,60,185,0,0,0.0,0.0,0,0.0,0
883659,6.195,1,1200,53,185,0,0,0.00012,0.0,0,0.004341600000000001,0
883664,6.2,3,1200,53,185,-1,1,0.00036,-0.018518518518518517,0,0.013024800000000003,0
883669,6.205,3,1200,66,184,0,-1,0.00036,0.0,0,0.013024800000000003,0
883674,6.21,0,1200,66,184,0,-3,0.0,0.0,0,0.0,0
883679,6.215,1,1200,52,182,0,0,0.00012,0.0,0,0.004341600000000001,0
883684,6.22,3,1200,52,182,0,-1,0.00036,0.0,0,0.013024800000000003,0
883689,6.225,2,1200,60,183,0,-5,0.00024,0.0,0,0.008683200000000002,0
883699,6.235,0,1200,65,185,0,-4,0.0,0.0,0,0.0,0
883704,6.24,1,1200,65,185,1,5,0.00012,0.018518518518518517,0,0.004341600000000001,0
883709,6.245,3,1200,70,187,0,0,0.00036,0.0,0,0.013024800000000003,0
883714,6.25,-1,1200,70,187,0,-1,-0.00012,0.0,0,-0.004341600000000001,0
883719,6.255,2,1200,74,186,1,0,0.00024,0.018518518518518517,0,0.008683200000000002,0
883724,6.26,0,1200,74,186,0,-5,0.0,0.0,0,0.0,0
883729,6.265,2,1200,73,185,-1,-6,0.00024,-0.018518518518518517,0,0.008683200000000002,0
883734,6.27,0,1200,73,185,0,0,0.0,0.0,0,0.0,0
883739,6.275,-1,1200,74,185,0,1,-0.00012,0.0,0,-0.004341600000000001,0
883744,6.28,0,1200,74,185,1,0,0.0,0.018518518518518517,0,0.0,0
883749,6.285,2,1200,55,185,0,0,0.00024,0.0,0,0.008683200000000002,0
883754,6.29,0,1200,55,185,1,8,0.0,0.018518518518518517,0,0.0,0
883764,6.3,0,1200,69,184,0,0,0.0,0.0,0,0.0,0
883769,6.305,1,1200,64,185,0,0,0.00012,0.0,0,0.004341600000000001,0
883774,6.31,2,1200,64,185,0,4,0.00024,0.0,0,0.008683200000000002,0
883779,6.315,1,1200,61,188,1,0,0.00012,0.018518518518518517,0,0.004341600000000001,0
883784,6.32,0,1200,61,188,1,-3,0.0,0.018518518518518517,0,0.0,0
883789,6.325,0,1200,55,188,1,5,0.0,0.018518518518518517,0,0.0,0
883794,6.33,0,1200,55,188,1,10,0.0,0.018518518518518517,0,0.0,0
883799,6.335,7,1200,60,186,-1,1,0.00084,-0.018518518518518517,0,0.030391200000000004,0
883804,6.34,7,1200,60,186,1,0,0.00084,0.018518518518518517,0,0.030391200000000004,0
883809,6.345,0,1200,68,186,-1,0,0.0,-0.018518518518518517,0,0.0,0
883814,6.35,0,1200,68,186,1,-1,0.0,0.018518518518518517,0,0.0,0
883819,6.355,2,1200,69,186,0,2,0.00024,0.0,0,0.008683200000000002,0
883824,6.36,0,1200,69,186,1,7,0.0,0.018518518518518517,0,0.0,0
883829,6.365,0,1200,80,186,0,-6,0.0,0.0,0,0.0,0
883834,6.37,-1,1200,80,186,0,-3,-0.00012,0.0,0,-0.004341600000000001,0
883839,6.375,0,1200,76,184,1,-2,0.0,0.018518518518518517,0,0.0,0
883844,6.38,0,1200,76,184,0,-1,0.0,0.0,0,0.0,0
883849,6.385,0,1200,87,185,0,2,0.0,0.0,0,0.0,0
883854,6.39,0,1200,87,185,0,1,0.0,0.0,0,0.0,0
883864,6.4,1,1200,65,181,1,1,0.00012,0.018518518518518517,0,0.004341600000000001,0
883869,6.405,1,1200,46,178,0,3,0.00012,0.0,0,0.004341600000000001,0
883874,6.41,0,1200,46,178,0,4,0.0,0.0,0,0.0,0
883879,6.415,1,1200,40,181,0,-1,0.00012,0.0,0,0.004341600000000001,0
883884,6.42,1,1200,40,181,0,1,0.00012,0.0,0,0.004341600000000001,0
883889,6.425,2,1200,42,183,0,-5,0.00024,0.0,0,0.008683200000000002,0
883894,6.43,0,1200,42,183,0,1,0.0,0.0,0,0.0,0
883899,6.435,3,1200,50,183,0,0,0.00036,0.0,0,0.013024800000000003,0
883904,6.44,3,1200,50,183,0,7,0.00036,0.0,0,0.013024800000000003,0
883909,6.445,5,1200,68,182,-1,-10,0.0006000000000000001,-0.018518518518518517,0,0.021708000000000005,0
883914,6.45,-2,1200,68,182,0,-1,-0.00024,0.0,0,-0.008683200000000002,0
883919,6.455,1,1200,66,184,0,0,0.00012,0.0,0,0.004341600000000001,0
883924,6.46,0,1200,66,184,-1,-1,0.0,-0.018518518518518517,0,0.0,0
883929,6.465,0,1200,65,184,0,-1,0.0,0.0,0,0.0,0
883934,6.47,-1,1200,65,184,1,2,-0.00012,0.018518518518518517,0,-0.004341600000000001,0
883939,6.475,-1,1200,69,185,0,0,-0.00012,0.0,0,-0.004341600000000001,0
883944,6.48,0,1200,69,185,1,-1,0.0,0.018518518518518517,0,0.0,0
883949,6.485,1,1200,57,186,0,-4,0.00012,0.0,0,0.004341600000000001,0
883954,6.49,2,1200,57,186,1,-2,0.00024,0.018518518518518517,0,0.008683200000000002,0
883959,6.495,3,1200,58,186,1,2,0.00036,0.018518518518518517,0,0.013024800000000003,0
883964,6.5,1,1200,58,186,1,-2,0.00012,0.018518518518518517,0,0.004341600000000001,0
883969,6.505,1,1200,61,186,0,0,0.00012,0.0,0,0.004341600000000001,0
883979,6.515,0,1200,67,185,0,0,0.0,0.0,0,0.0,0
883984,6.52,0,1200,67,185,-1,-2,0.0,-0.018518518518518517,0,0.0,0
883989,6.525,0,1200,76,184,0,-3,0.0,0.0,0,0.0,0
883994,6.53,-2,1200,76,184,1,0,-0.00024,0.018518518518518517,0,-0.008683200000000002,0
883999,6.535,0,1200,77,185,0,-5,0.0,0.0,0,0.0,0
884004,6.54,0,1200,77,185,1,0,0.0,0.018518518518518517,0,0.0,0
884009,6.545,3,1200,69,183,0,0,0.00036,0.0,0,0.013024800000000003,0
884014,6.55,-3,1200,69,183,1,0,-0.00036,0.018518518518518517,0,-0.013024800000000003,0
884019,6.555,0,1200,60,183,1,1,0.0,0.018518518518518517,0,0.0,0
884024,6.56,0,1200,60,183,0,0,0.0,0.0,0,0.0,0
884029,6.565,0,1200,59,182,0,4,0.0,0.0,0,0.0,0
884034,6.57,1,1200,59,182,1,5,0.00012,0.018518518518518517,0,0.004341600000000001,0
884039,6.575,0,1200,46,182,-1,-12,0.0,-0.018518518518518517,0,0.0,0
884044,6.58,0,1200,46,182,0,-5,0.0,0.0,0,0.0,0
884049,6.585,2,1200,44,181,0,-7,0.00024,0.0,0,0.008683200000000002,0
884054,6.59,0,1200,44,181,0,-3,0.0,0.0,0,0.0,0
884059,6.595,0,1200,40,179,-1,-6,0.0,-0.018518518518518517,0,0.0,0
884064,6.6,0,1200,40,179,0,-2,0.0,0.0,0,0.0,0
884069,6.605,0,1200,52,181,1,1,0.0,0.018518518518518517,0,0.0,0
884074,6.61,1,1200,52,181,0,4,0.00012,0.0,0,0.004341600000000001,0
884084,6.62,0,1200,47,183,0,-2,0.0,0.0,0,0.0,0
884089,6.625,0,1200,40,184,1,-1,0.0,0.018518518518518517,0,0.0,0
884094,6.63,0,1200,40,184,0,2,0.0,0.0,0,0.0,0
884099,6.635,0,1200,62,185,-1,-7,0.0,-0.018518518518518517,0,0.0,0
884104,6.64,0,1200,62,185,0,1,0.0,0.0,0,0.0,0
884109,6.645,0,1200,75,186,1,1,0.0,0.018518518518518517,0,0.0,0
884114,6.65,-3,1200,75,186,-1,-3,-0.00036,-0.018518518518518517,0,-0.013024800000000003,0
884119,6.655,-1,1200,65,186,0,-5,-0.00012,0.0,0,-0.004341600000000001,0
884124,6.66,-1,1200,65,186,0,-7,-0.00012,0.0,0,-0.004341600000000001,0
884129,6.665,1,1200,68,185,0,-1,0.00012,0.0,0,0.004341600000000001,0
884134,6.67,1,1200,68,185,0,1,0.00012,0.0,0,0.004341600000000001,0
884139,6.675,0,1200,64,186,0,-6,0.0,0.0,0,0.0,0
884144,6.68,2,1200,64,186,0,-4,0.00024,0.0,0,0.008683200000000002,0
884149,6.685,1,1200,83,185,0,-11,0.00012,0.0,0,0.004341600000000001,0
884154,6.69,0,1200,83,185,0,-4,0.0,0.0,0,0.0,0
884159,6.695,0,1200,70,180,0,-9,0.0,0.0,0,0.0,0
884164,6.7,0,1200,70,180,0,-7,0.0,0.0,0,0.0,0
884169,6.705,1,1200,62,180,0,-5,0.00012,0.0,0,0.004341600000000001,0
884174,6.71,-1,1200,62,180,1,0,-0.00012,0.018518518518518517,0,-0.004341600000000001,0
884179,6.715,2,1200,52,182,-1,-2,0.00024,-0.018518518518518517,0,0.008683200000000002,0
884189,6.725,0,1200,53,182,0,0,0.0,0.0,0,0.0,0
884194,6.73,0,1200,53,182,1,3,0.0,0.018518518518518517,0,0.0,0
884199,6.735,2,1200,61,181,0,-5,0.00024,0.0,0,0.008683200000000002,0
884204,6.74,0,1200,61,181,0,0,0.0,0.0,0,0.0,0
884209,6.745,1,1200,62,180,0,0,0.00012,0.0,0,0.004341600000000001,0
884214,6.75,1,1200,62,180,0,1,0.00012,0.0,0,0.004341600000000001,0
884219,6.755,6,1200,69,184,0,4,0.00072,0.0,0,0.026049600000000006,0
884224,6.76,-1,1200,69,184,0,-6,-0.00012,0.0,0,-0.004341600000000001,0
884229,6.765,3,1200,65,184,0,-5,0.00036,0.0,0,0.013024800000000003,0
884234,6.77,2,1200,65,184,-1,-7,0.00024,-0.018518518518518517,0,0.008683200000000002,0
884239,6.775,-1,1200,74,184,0,0,-0.00012,0.0,0,-0.004341600000000001,0
884244,6.78,0,1200,74,184,0,0,0.0,0.0,0,0.0,0
884249,6.785,2,1200,66,185,0,-3,0.00024,0.0,0,0.008683200000000002,0
884254,6.79,-2,1200,66,185,1,3,-0.00024,0.018518518518518517,0,-0.008683200000000002,0
884259,6.795,0,1200,58,185,1,3,0.0,0.018518518518518517,0,0.0,0
884264,6.8,1,1200,58,185,1,9,0.00012,0.018518518518518517,0,0.004341600000000001,0
884269,6.805,0,1200,43,187,0,3,0.0,0.0,0,0.0,0
884274,6.81,0,1200,43,187,0,-1,0.0,0.0,0,0.0,0
884279,6.815,1,1200,50,188,1,0,0.00012,0.018518518518518517,0,0.004341600000000001,0
884284,6.82,1,1200,50,188,0,0,0.00012,0.0,0,0.004341600000000001,0
884289,6.825,1,1200,60,188,1,2,0.00012,0.018518518518518517,0,0.004341600000000001,0
884299,6.835,2,1200,63,186,0,-6,0.00024,0.0,0,0.008683200000000002,0
884304,6.84,0,1200,63,186,-1,-5,0.0,-0.018518518518518517,0,0.0,0
884309,6.845,0,1200,61,183,0,-1,0.0,0.0,0,0.0,0
884314,6.85,-2,1200,61,183,-1,1,-0.00024,-0.018518518518518517,0,-0.008683200000000002,0
884319,6.855,1,1200,72,182,1,-3,0.00012,0.018518518518518517,0,0.004341600000000001,0
884324,6.86,-1,1200,72,182,1,6,-0.00012,0.018518518518518517,0,-0.004341600000000001,0
884329,6.865,-2,1200,84,184,0,1,-0.00024,0.0,0,-0.008683200000000002,0
884334,6.87,0,1200,84,184,0,0,0.0,0.0,0,0.0,0
884339,6.875,0,1200,79,184,1,2,0.0,0.018518518518518517,0,0.0,0
884344,6.88,0,1200,79,184,0,-2,0.0,0.0,0,0.0,0
884349,6.885,2,1200,67,180,-1,-4,0.00024,-0.018518518518518517,0,0.008683200000000002,0
884354,6.89,0,1200,67,180,0,-1,0.0,0.0,0,0.0,0
884359,6.895,0,1200,54,180,0,-6,0.0,0.0,0,0.0,0
884364,6.9,0,1200,54,180,1,1,0.0,0.018518518518518517,0,0.0,0
884369,6.905,0,1200,63,182,1,3,0.0,0.018518518518518517,0,0.0,0
884374,6.91,0,1200,63,182,1,3,0.0,0.018518518518518517,0,0.0,0
884379,6.915,0,1200,66,183,0,-3,0.0,0.0,0,0.0,0
884384,6.92,0,1200,66,183,0,-3,0.0,0.0,0,0.0,0
884389,6.925,0,1200,61,184,0,-4,0.0,0.0,0,0.0,0
884399,6.935,1,1200,56,184,0,1,0.00012,0.0,0,0.004341600000000001,0
884404,6.94,0,1200,56,184,0,0,0.0,0.0,0,0.0,0
884409,6.945,1,1200,59,186,1,5,0.00012,0.018518518518518517,0,0.004341600000000001,0
884414,6.95,1,1200,59,186,1,0,0.00012,0.018518518518518517,0,0.004341600000000001,0
884419,6.955,1,1200,57,185,0,-6,0.00012,0.0,0,0.004341600000000001,0
884424,6.96,0,1200,57,185,1,4,0.0,0.018518518518518517,0,0.0,0
884429,6.965,2,1200,58,183,-1,-4,0.00024,-0.018518518518518517,0,0.008683200000000002,0
884434,6.97,-4,1200,58,183,0,-2,-0.00048,0.0,0,-0.017366400000000004,0
884439,6.975,0,1200,51,184,0,0,0.0,0.0,0,0.0,0
884444,6.98,0,1200,51,184,1,-1,0.0,0.018518518518518517,0,0.0,0
884449,6.985,1,1200,54,185,1,-1,0.00012,0.018518518518518517,0,0.004341600000000001,0
884454,6.99,0,1200,54,185,1,-3,0.0,0.018518518518518517,0,0.0,0
884459,6.995,1,1200,64,185,0,-3,0.00012,0.0,0,0.004341600000000001,0
884464,7.0,2,1200,64,185,0,-1,0.00024,0.0,0,0.008683200000000002,0
884469,7.005,0,1200,80,185,1,8,0.0,0.018518518518518517,0,0.0,0
884474,7.01,0,1200,80,185,-1,-9,0.0,-0.018518518518518517,0,0.0,0
884479,7.015,1,1200,71,186,-1,-3,0.00012,-0.018518518518518517,0,0.004341600000000001,0
884484,7.02,1,1200,71,186,1,3,0.00012,0.018518518518518517,0,0.004341600000000001,0
884489,7.025,0,1200,76,185,1,3,0.0,0.018518518518518517,0,0.0,0
884494,7.03,0,1200,76,185,0,0,0.0,0.0,0,0.0,0
884499,7.035,2,1200,72,182,-1,-7,0.00024,-0.018518518518518517,0,0.008683200000000002,0
884509,7.045,0,1200,79,181,0,-4,0.0,0.0,0,0.0,0
884514,7.05,0,1200,79,181,0,1,0.0,0.0,0,0.0,0
884519,7.055,1,1200,69,184,0,-9,0.00012,0.0,0,0.004341600000000001,0
884524,7.06,-1,1200,69,184,0,-6,-0.00012,0.0,0,-0.004341600000000001,0
884529,7.065,0,1200,50,184,-1,-1,0.0,-0.018518518518518517,0,0.0,0
884534,7.07,0,1200,50,184,0,-1,0.0,0.0,0,0.0,0
884539,7.075,7,1200,39,183,0,0,0.00084,0.0,0,0.030391200000000004,0
884544,7.08,4,1200,39,183,0,3,0.00048,0.0,0,0.017366400000000004,0
884549,7.085,2,1200,51,184,-1,-6,0.00024,-0.018518518518518517,0,0.008683200000000002,0
884554,7.09,0,1200,51,184,1,-2,0.0,0.018518518518518517,0,0.0,0
884559,7.095,0,1200,44,183,0,6,0.0,0.0,0,0.0,0
884564,7.1,0,1200,44,183,1,1,0.0,0.018518518518518517,0,0.0,0
884569,7.105,0,1200,31,184,1,5,0.0,0.018518518518518517,0,0.0,0
884574,7.11,1,1200,31,184,0,1,0.00012,0.0,0,0.004341600000000001,0
884579,7.115,1,1200,47,187,0,1,0.00012,0.0,0,0.004341600000000001,0
884584,7.12,0,1200,47,187,0,2,0.0,0.0,0,0.0,0
884589,7.125,0,1200,51,188,0,-2,0.0,0.0,0,0.0,0
884594,7.13,0,1200,51,188,0,-2,0.0,0.0,0,0.0,0
884599,7.135,0,1200,71,186,0,-4,0.0,0.0,0,0.0,0
884604,7.14,-1,1200,71,186,0,2,-0.00012,0.0,0,-0.004341600000000001,0
884614,7.15,0,1200,64,182,0,-1,0.0,0.0,0,0.0,0
884619,7.155,0,1200,66,185,0,-2,0.0,0.0,0,0.0,0
884624,7.16,0,1200,66,185,0,-2,0.0,0.0,0,0.0,0
884629,7.165,1,1200,58,185,0,-2,0.00012,0.0,0,0.004341600000000001,0
884634,7.17,0,1200,58,185,0,-4,0.0,0.0,0,0.0,0
884639,7.175,0,1200,59,185,0,-3,0.0,0.0,0,0.0,0
884644,7.18,-2,1200,59,185,0,3,-0.00024,0.0,0,-0.008683200000000002,0
884649,7.185,0,1200,99,186,-1,-3,0.0,-0.018518518518518517,0,0.0,0
884654,7.19,0,1200,99,186,0,-2,0.0,0.0,0,0.0,0
884659,7.195,0,1200,102,187,1,0,0.0,0.018518518518518517,0,0.0,0
884664,7.2,0,1200,102,187,1,3,0.0,0.018518518518518517,0,0.0,0
884669,7.205,0,1200,92,187,0,0,0.0,0.0,0,0.0,0
884674,7.21,0,1200,92,187,-1,-4,0.0,-0.018518518518518517,0,0.0,0
884679,7.215,0,1200,61,182,1,-3,0.0,0.018518518518518517,0,0.0,0
884684,7.22,-1,1200,61,182,0,2,-0.00012,0.0,0,-0.004341600000000001,0
884689,7.225,0,1200,62,181,-1,-1,0.0,-0.018518518518518517,0,0.0,0
884699,7.235,0,1200,67,183,1,-2,0.0,0.018518518518518517,0,0.0,0
884704,7.24,2,1200,67,183,0,-2,0.00024,0.0,0,0.008683200000000002,0
884709,7.245,3,1200,67,184,0,-7,0.00036,0.0,0,0.013024800000000003,0
884714,7.25,0,1200,67,184,0,9,0.0,0.0,0,0.0,0
884719,7.255,1,1200,69,184,1,6,0.00012,0.018518518518518517,0,0.004341600000000001,0
884724,7.26,-1,1200,69,184,1,2,-0.00012,0.018518518518518517,0,-0.004341600000000001,0
884729,7.265,2,1200,79,185,-1,-1,0.00024,-0.018518518518518517,0,0.008683200000000002,0
884734,7.27,0,1200,79,185,0,-6,0.0,0.0,0,0.0,0
884739,7.275,1,1200,80,187,0,4,0.00012,0.0,0,0.004341600000000001,0
884744,7.28,8,1200,80,187,-1,-4,0.00096,-0.018518518518518517,0,0.03473280000000001,0
884749,7.285,6,1200,72,188,0,0,0.00072,0.0,0,0.026049600000000006,0
884754,7.29,1,1200,72,188,0,-3,0.00012,0.0,0,0.004341600000000001,0
884759,7.295,0,1200,77,187,-1,-6,0.0,-0.018518518518518517,0,0.0,0
884764,7.3,-1,1200,77,187,0,1,-0.00012,0.0,0,-0.004341600000000001,0
884774,7.31,0,1200,83,186,0,0,0.0,0.0,0,0.0,0
884779,7.315,0,1200,65,186,0,-1,0.0,0.0,0,0.0,0
884784,7.32,0,1200,65,186,1,7,0.0,0.018518518518518517,0,0.0,0
884789,7.325,0,1200,57,187,1,4,0.0,0.018518518518518517,0,0.0,0
884794,7.33,1,1200,57,187,0,-3,0.00012,0.0,0,0.004341600000000001,0
884799,7.335,2,1200,55,185,0,1,0.00024,0.0,0,0.008683200000000002,0
884804,7.34,0,1200,55,185,-1,-3,0.0,-0.018518518518518517,0,0.0,0
884809,7.345,1,1200,66,182,0,-4,0.00012,0.0,0,0.004341600000000001,0
884814,7.35,0,1200,66,182,0,6,0.0,0.0,0,0.0,0
884819,7.355,3,1200,61,180,0,0,0.00036,0.0,0,0.013024800000000003,0
884824,7.36,0,1200,61,180,-1,-5,0.0,-0.018518518518518517,0,0.0,0
884829,7.365,1,1200,54,181,0,-6,0.00012,0.0,0,0.004341600000000001,0
884834,7.37,0,1200,54,181,0,-2,0.0,0.0,0,0.0,0
884839,7.375,-1,1200,48,183,0,4,-0.00012,0.0,0,-0.004341600000000001,0
884844,7.38,0,1200,48,183,1,6,0.0,0.018518518518518517,0,0.0,0
884849,7.385,1,1200,61,184,-1,-7,0.00012,-0.018518518518518517,0,0.004341600000000001,0
884854,7.39,-2,1200,61,184,1,0,-0.00024,0.018518518518518517,0,-0.008683200000000002,0
884859,7.395,-5,1200,56,182,0,3,-0.0006000000000000001,0.0,0,-0.021708000000000005,0
884864,7.4,0,1200,56,182,1,5,0.0,0.018518518518518517,0,0.0,0
884869,7.405,2,1200,52,180,1,3,0.00024,0.018518518518518517,0,0.008683200000000002,0
884879,7.415,1,1200,55,181,1,1,0.00012,0.018518518518518517,0,0.004341600000000001,0
884884,7.42,0,1200,55,181,0,-4,0.0,0.0,0,0.0,0
884889,7.425,0,1200,66,185,0,-2,0.0,0.0,0,0.0,0
884894,7.43,0,1200,66,185,0,1,0.0,0.0,0,0.0,0
884899,7.435,2,1200,66,185,0,-2,0.00024,0.0,0,0.008683200000000002,0
884904,7.44,0,1200,66,185,1,2,0.0,0.018518518518518517,0,0.0,0
884909,7.445,0,1200,67,183,0,-3,0.0,0.0,0,0.0,0
884914,7.45,-2,1200,67,183,0,-1,-0.00024,0.0,0,-0.008683200000000002,0
884919,7.455,1,1200,56,184,1,5,0.00012,0.018518518518518517,0,0.004341600000000001,0
884924,7.46,0,1200,56,184,0,-8,0.0,0.0,0,0.0,0
884929,7.465,0,1200,56,188,0,-2,0.0,0.0,0,0.0,0
884934,7.47,-1,1200,56,188,0,1,-0.00012,0.0,0,-0.004341600000000001,0
884939,7.475,0,1200,55,187,0,-2,0.0,0.0,0,0.0,0
884944,7.48,0,1200,55,187,1,6,0.0,0.018518518518518517,0,0.0,0
884949,7.485,2,1200,65,184,0,1,0.00024,0.0,0,0.008683200000000002,0
884954,7.49,6,1200,65,184,-1,-2,0.00072,-0.018518518518518517,0,0.026049600000000006,0
884959,7.495,6,1200,66,182,0,2,0.00072,0.0,0,0.026049600000000006,0
884964,7.5,4,1200,66,182,0,0,0.00048,0.0,0,0.017366400000000004,0
884969,7.505,4,1200,62,184,0,-2,0.00048,0.0,0,0.017366400000000004,0
884979,7.515,-2,1200,50,183,0,1,-0.00024,0.0,0,-0.008683200000000002,0
884984,7.52,-1,1200,50,183,0,-5,-0.00012,0.0,0,-0.004341600000000001,0
884989,7.525,0,1200,72,184,-1,-9,0.0,-0.018518518518518517,0,0.0,0
884994,7.53,0,1200,72,184,0,-2,0.0,0.0,0,0.0,0
884999,7.535,1,1200,63,183,1,2,0.00012,0.018518518518518517,0,0.004341600000000001,0
885004,7.54,-1,1200,63,183,0,-2,-0.00012,0.0,0,-0.004341600000000001,0
885009,7.545,0,1200,54,179,0,0,0.0,0.0,0,0.0,0
885014,7.55,0,1200,54,179,0,-3,0.0,0.0,0,0.0,0
885019,7.555,1,1200,43,179,0,3,0.00012,0.0,0,0.004341600000000001,0
885024,7.56,0,1200,43,179,1,3,0.0,0.018518518518518517,0,0.0,0
885029,7.565,0,1200,63,185,0,1,0.0,0.0,0,0.0,0
885034,7.57,1,1200,63,185,0,1,0.00012,0.0,0,0.004341600000000001,0
885039,7.575,0,1200,62,186,1,3,0.0,0.018518518518518517,0,0.0,0
885044,7.58,0,1200,62,186,1,0,0.0,0.018518518518518517,0,0.0,0
885049,7.585,3,1200,72,185,0,5,0.00036,0.0,0,0.013024800000000003,0
885054,7.59,0,1200,72,185,0,-2,0.0,0.0,0,0.0,0
885059,7.595,0,1200,64,184,1,0,0.0,0.018518518518518517,0,0.0,0
885064,7.6,6,1200,64,184,0,1,0.00072,0.0,0,0.026049600000000006,0
885069,7.605,-2,1200,53,184,0,-6,-0.00024,0.0,0,-0.008683200000000002,0
885074,7.61,0,1200,53,184,1,3,0.0,0.018518518518518517,0,0.0,0
885079,7.615,0,1200,42,184,0,-4,0.0,0.0,0,0.0,0
885089,7.625,0,1200,38,185,1,4,0.0,0.018518518518518517,0,0.0,0
885094,7.63,0,1200,38,185,-1,0,0.0,-0.018518518518518517,0,0.0,0
885099,7.635,0,1200,62,184,0,-1,0.0,0.0,0,0.0,0
885104,7.64,0,1200,62,184,0,-1,0.0,0.0,0,0.0,0
885109,7.645,2,1200,64,185,1,2,0.00024,0.018518518518518517,0,0.008683200000000002,0
885114,7.65,0,1200,64,185,1,7,0.0,0.018518518518518517,0,0.0,0
885119,7.655,1,1200,67,183,0,-3,0.00012,0.0,0,0.004341600000000001,0
885124,7.66,0,1200,67,183,0,-6,0.0,0.0,0,0.0,0
885129,7.665,1,1200,59,182,0,3,0.00012,0.0,0,0.004341600000000001,0
885134,7.67,0,1200,59,182,0,-5,0.0,0.0,0,0.0,0
885139,7.675,-2,1200,72,182,1,2,-0.00024,0.018518518518518517,0,-0.008683200000000002,0
885144,7.68,0,1200,72,182,0,2,0.0,0.0,0,0.0,0
885149,7.685,2,1200,82,184,1,7,0.00024,0.018518518518518517,0,0.008683200000000002,0
885154,7.69,0,1200,82,184,-1,-1,0.0,-0.018518518518518517,0,0.0,0
885159,7.695,1,1200,85,183,0,0,0.00012,0.0,0,0.004341600000000001,0
885164,7.7,2,1200,85,183,1,1,0.00024,0.018518518518518517,0,0.008683200000000002,0
885169,7.705,-1,1200,68,182,0,0,-0.00012,0.0,0,-0.004341600000000001,0
885174,7.71,-2,1200,68,182,0,-1,-0.00024,0.0,0,-0.008683200000000002,0
885179,7.715,0,1200,58,182,0,-2,0.0,0.0,0,0.0,0
885184,7.72,0,1200,58,182,0,2,0.0,0.0,0,0.0,0
885194,7.73,-1,1200,46,180,0,-1,-0.00012,0.0,0,-0.004341600000000001,0
885199,7.735,0,1200,39,182,0,1,0.0,0.0,0,0.0,0
885204,7.74,0,1200,39,182,0,0,0.0,0.0,0,0.0,0
885209,7.745,1,1200,63,182,1,3,0.00012,0.018518518518518517,0,0.004341600000000001,0
885214,7.75,0,1200,63,182,1,3,0.0,0.018518518518518517,0,0.0,0
885219,7.755,1,1200,66,186,0,-8,0.00012,0.0,0,0.004341600000000001,0
885224,7.76,0,1200,66,186,0,0,0.0,0.0,0,0.0,0
885229,7.765,0,1200,57,187,-1,-3,0.0,-0.018518518518518517,0,0.0,0
885234,7.77,2,1200,57,187,0,-3,0.00024,0.0,0,0.008683200000000002,0
885239,7.775,1,1200,52,186,-1,-5,0.00012,-0.018518518518518517,0,0.004341600000000001,0
885244,7.78,0,1200,52,186,1,0,0.0,0.018518518518518517,0,0.0,0
885249,7.785,2,1200,65,185,0,-1,0.00024,0.0,0,0.008683200000000002,0
885254,7.79,0,1200,65,185,1,3,0.0,0.018518518518518517,0,0.0,0
885259,7.795,0,1200,66,183,0,-3,0.0,0.0,0,0.0,0
885264,7.8,0,1200,66,183,-1,-2,0.0,-0.018518518518518517,0,0.0,0
885269,7.805,1,1200,71,185,0,2,0.00012,0.0,0,0.004341600000000001,0
885274,7.81,-5,1200,71,185,0,-5,-0.0006000000000000001,0.0,0,-0.021708000000000005,0
885279,7.815,0,1200,58,185,0,-3,0.0,0.0,0,0.0,0
885284,7.82,0,1200,58,185,0,-3,0.0,0.0,0,0.0,0
885289,7.825,0,1200,66,188,0,4,0.0,0.0,0,0.0,0
885294,7.83,0,1200,66,188,0,3,0.0,0.0,0,0.0,0
885304,7.84,2,1200,77,185,0,-2,0.00024,0.0,0,0.008683200000000002,0
885309,7.845,0,1200,73,181,0,-11,0.0,0.0,0,0.0,0
885314,7.85,0,1200,73,181,0,-1,0.0,0.0,0,0.0,0
885319,7.855,3,1200,67,179,-1,-1,0.00036,-0.018518518518518517,0,0.013024800000000003,0
885324,7.86,0,1200,67,179,0,-5,0.0,0.0,0,0.0,0
885329,7.865,2,1200,63,184,1,-1,0.00024,0.018518518518518517,0,0.008683200000000002,0
885334,7.87,3,1200,63,184,1,5,0.00036,0.018518518518518517,0,0.013024800000000003,0
885339,7.875,0,1200,56,184,0,0,0.0,0.0,0,0.0,0
885344,7.88,0,1200,56,184,0,0,0.0,0.0,0,0.0,0
885349,7.885,2,1200,68,183,0,3,0.00024,0.0,0,0.008683200000000002,0
885354,7.89,0,1200,68,183,0,-6,0.0,0.0,0,0.0,0
885359,7.895,0,1200,55,183,0,-1,0.0,0.0,0,0.0,0
885364,7.9,1,1200,55,183,1,5,0.00012,0.018518518518518517,0,0.004341600000000001,0
885369,7.905,1,1200,39,184,1,1,0.00012,0.018518518518518517,0,0.004341600000000001,0
885374,7.91,-2,1200,39,184,1,5,-0.00024,0.018518518518518517,0,-0.008683200000000002,0
885379,7.915,-4,1200,19,183,0,2,-0.00048,0.0,0,-0.017366400000000004,0
885384,7.92,0,1200,19,183,0,0,0.0,0.0,0,0.0,0
885389,7.925,1,1200,25,184,1,0,0.00012,0.018518518518518517,0,0.004341600000000001,0
885394,7.93,1,1200,25,184,1,4,0.00012,0.018518518518518517,0,0.004341600000000001,0
885399,7.935,1,1200,57,186,0,3,0.00012,0.0,0,0.004341600000000001,0
885409,7.945,0,1200,65,186,1,0,0.0,0.018518518518518517,0,0.0,0
885414,7.95,1,1200,65,186,1,2,0.00012,0.018518518518518517,0,0.004341600000000001,0
885419,7.955,2,1200,76,185,1,1,0.00024,0.018518518518518517,0,0.008683200000000002,0
885424,7.96,0,1200,76,185,0,-3,0.0,0.0,0,0.0,0
885429,7.965,2,1200,69,185,0,3,0.00024,0.0,0,0.008683200000000002,0
885434,7.97,2,1200,69,185,-1,-1,0.00024,-0.018518518518518517,0,0.008683200000000002,0
885439,7.975,0,1200,90,183,0,-3,0.0,0.0,0,0.0,0
885444,7.98,0,1200,90,183,2,5,0.0,0.037037037037037035,0,0.0,0
885449,7.985,3,1200,90,186,2,4,0.00036,0.037037037037037035,0,0.013024800000000003,0
885454,7.99,0,1200,90,186,-1,-3,0.0,-0.018518518518518517,0,0.0,0
885459,7.995,0,1200,84,184,0,-5,0.0,0.0,0,0.0,0
885464,8.0,2,1200,84,184,1,2,0.00024,0.018518518518518517,0,0.008683200000000002,0
885469,8.005,1,1200,74,184,0,-3,0.00012,0.0,0,0.004341600000000001,0
885474,8.01,0,1200,74,184,-1,-8,0.0,-0.018518518518518517,0,0.0,0
885479,8.015,1,1200,69,183,1,0,0.00012,0.018518518518518517,0,0.004341600000000001,0
885484,8.02,-2,1200,69,183,0,0,-0.00024,0.0,0,-0.008683200000000002,0
885489,8.025,1,1200,66,182,1,2,0.00012,0.018518518518518517,0,0.004341600000000001,0
885494,8.03,1,1200,66,182,0,-3,0.00012,0.0,0,0.004341600000000001,0
885499,8.035,0,1200,62,180,0,-4,0.0,0.0,0,0.0,0
885504,8.04,0,1200,62,180,1,1,0.0,0.018518518518518517,0,0.0,0
885514,8.05,-1,1200,80,179,0,1,-0.00012,0.0,0,-0.004341600000000001,0
885519,8.055,1,1200,76,182,2,10,0.00012,0.037037037037037035,0,0.004341600000000001,0
885524,8.06,0,1200,76,182,1,6,0.0,0.018518518518518517,0,0.0,0
885529,8.065,1,1200,72,182,0,-3,0.00012,0.0,0,0.004341600000000001,0
885534,8.07,0,1200,72,182,0,-1,0.0,0.0,0,0.0,0
885539,8.075,0,1200,59,184,0,4,0.0,0.0,0,0.0,0
885544,8.08,1,1200,59,184,1,2,0.00012,0.018518518518518517,0,0.004341600000000001,0
885549,8.085,1,1200,60,184,1,1,0.00012,0.018518518518518517,0,0.004341600000000001,0
885554,8.09,0,1200,60,184,0,0,0.0,0.0,0,0.0,0
885559,8.095,0,1200,49,184,1,-1,0.0,0.018518518518518517,0,0.0,0
885564,8.1,1,1200,49,184,1,0,0.00012,0.018518518518518517,0,0.004341600000000001,0
885569,8.105,0,1200,50,185,0,0,0.0,0.0,0,0.0,0
885574,8.11,1,1200,50,185,0,0,0.00012,0.0,0,0.004341600000000001,0
885579,8.115,3,1200,43,184,1,8,0.00036,0.018518518518518517,0,0.013024800000000003,0
885584,8.12,-3,1200,43,184,1,3,-0.00036,0.018518518518518517,0,-0.013024800000000003,0
885589,8.125,0,1200,66,190,1,1,0.0,0.018518518518518517,0,0.0,0
885594,8.13,0,1200,66,190,0,1,0.0,0.0,0,0.0,0
885599,8.135,0,1200,72,189,0,7,0.0,0.0,0,0.0,0
885604,8.14,2,1200,72,189,0,4,0.00024,0.0,0,0.008683200000000002,0
885609,8.145,0,1200,81,185,0,-3,0.0,0.0,0,0.0,0
885614,8.15,0,1200,81,185,0,-2,0.0,0.0,0,0.0,0
885624,8.16,0,1200,63,181,0,-5,0.0,0.0,0,0.0,0
885629,8.165,1,1200,64,182,1,0,0.00012,0.018518518518518517,0,0.004341600000000001,0
885634,8.17,0,1200,64,182,0,-2,0.0,0.0,0,0.0,0
885639,8.175,0,1200,71,184,0,1,0.0,0.0,0,0.0,0
885644,8.18,0,1200,71,184,1,5,0.0,0.018518518518518517,0,0.0,0
885649,8.185,2,1200,73,182,0,-3,0.00024,0.0,0,0.008683200000000002,0
885654,8.19,0,1200,73,182,0,-6,0.0,0.0,0,0.0,0
885659,8.195,0,1200,66,181,0,0,0.0,0.0,0,0.0,0
885664,8.2,0,1200,66,181,0,1,0.0,0.0,0,0.0,0
885669,8.205,-1,1200,45,181,0,-3,-0.00012,0.0,0,-0.004341600000000001,0
885674,8.21,1,1200,45,181,0,1,0.00012,0.0,0,0.004341600000000001,0
885679,8.215,7,1200,26,182,2,7,0.00084,0.037037037037037035,0,0.030391200000000004,0
885684,8.22,2,1200,26,182,0,0,0.00024,0.0,0,0.008683200000000002,0
885689,8.225,0,1200,47,182,1,3,0.0,0.018518518518518517,0,0.0,0
885699,8.235,4,1200,72,185,0,0,0.00048,0.0,0,0.017366400000000004,0
885704,8.24,1,1200,72,185,1,5,0.00012,0.018518518518518517,0,0.004341600000000001,0
885709,8.245,0,1200,75,185,0,3,0.0,0.0,0,0.0,0
885714,8.25,0,1200,75,185,0,3,0.0,0.0,0,0.0,0
885719,8.255,1,1200,53,185,-1,-2,0.00012,-0.018518518518518517,0,0.004341600000000001,0
885724,8.26,-1,1200,53,185,0,-3,-0.00012,0.0,0,-0.004341600000000001,0
885729,8.265,0,1200,46,187,1,2,0.0,0.018518518518518517,0,0.0,0
885734,8.27,0,1200,46,187,1,-6,0.0,0.018518518518518517,0,0.0,0
885739,8.275,0,1200,51,187,0,5,0.0,0.0,0,0.0,0
885744,8.28,1,1200,51,187,0,2,0.00012,0.0,0,0.004341600000000001,0
885754,8.29,1,1200,56,185,0,0,0.00012,0.0,0,0.004341600000000001,0
885759,8.295,1,1200,56,182,0,2,0.00012,0.0,0,0.004341600000000001,0
885764,8.3,1,1200,56,182,-1,-5,0.00012,-0.018518518518518517,0,0.004341600000000001,0
885769,8.305,0,1200,74,182,1,-3,0.0,0.018518518518518517,0,0.0,0
885774,8.31,0,1200,74,182,0,0,0.0,0.0,0,0.0,0
885779,8.315,4,1200,84,187,0,-2,0.00048,0.0,0,0.017366400000000004,0
885784,8.32,-5,1200,84,187,0,4,-0.0006000000000000001,0.0,0,-0.021708000000000005,0
885789,8.325,0,1200,69,190,1,7,0.0,0.018518518518518517,0,0.0,0
885794,8.33,1,1200,69,190,1,6,0.00012,0.018518518518518517,0,0.004341600000000001,0
885799,8.335,4,1200,63,187,1,0,0.00048,0.018518518518518517,0,0.017366400000000004,0
885804,8.34,3,1200,63,187,0,0,0.00036,0.0,0,0.013024800000000003,0
885809,8.345,1,1200,45,185,0,-6,0.00012,0.0,0,0.004341600000000001,0
885814,8.35,1,1200,45,185,0,0,0.00012,0.0,0,0.004341600000000001,0
885819,8.355,1,1200,58,182,1,7,0.00012,0.018518518518518517,0,0.004341600000000001,0
885824,8.36,0,1200,58,182,2,2,0.0,0.037037037037037035,0,0.0,0
885829,8.365,3,1200,59,180,0,-2,0.00036,0.0,0,0.013024800000000003,0
885834,8.37,-1,1200,59,180,0,0,-0.00012,0.0,0,-0.004341600000000001,0
885839,8.375,0,1200,71,181,0,1,0.0,0.0,0,0.0,0
885849,8.385,0,1200,70,182,0,-6,0.0,0.0,0,0.0,0
885854,8.39,-1,1200,70,182,1,6,-0.00012,0.018518518518518517,0,-0.004341600000000001,0
885859,8.395,0,1200,60,184,0,0,0.0,0.0,0,0.0,0
885864,8.4,1,1200,60,184,1,-3,0.00012,0.018518518518518517,0,0.004341600000000001,0
885869,8.405,0,1200,54,183,1,5,0.0,0.018518518518518517,0,0.0,0
885874,8.41,0,1200,54,183,0,-2,0.0,0.0,0,0.0,0
885879,8.415,0,1200,56,184,1,6,0.0,0.018518518518518517,0,0.0,0
885884,8.42,3,1200,56,184,0,0,0.00036,0.0,0,0.013024800000000003,0
885889,8.425,3,1200,68,188,0,-3,0.00036,0.0,0,0.013024800000000003,0
885894,8.43,1,1200,68,188,0,-5,0.00012,0.0,0,0.004341600000000001,0
885899,8.435,1,1200,76,190,1,4,0.00012,0.018518518518518517,0,0.004341600000000001,0
885904,8.44,0,1200,76,190,-1,-1,0.0,-0.018518518518518517,0,0.0,0
885909,8.445,-1,1200,84,188,2,6,-0.00012,0.037037037037037035,0,-0.004341600000000001,0
885914,8.45,-2,1200,84,188,0,-1,-0.00024,0.0,0,-0.008683200000000002,0
885919,8.455,2,1200,89,184,0,-4,0.00024,0.0,0,0.008683200000000002,0
885924,8.46,-1,1200,89,184,0,-1,-0.00012,0.0,0,-0.004341600000000001,0
885929,8.465,1,1200,68,183,0,1,0.00012,0.0,0,0.004341600000000001,0
885934,8.47,0,1200,68,183,1,6,0.0,0.018518518518518517,0,0.0,0
885944,8.48,0,1200,64,183,0,-1,0.0,0.0,0,0.0,0
885949,8.485,0,1200,78,184,0,-6,0.0,0.0,0,0.0,0
885954,8.49,-1,1200,78,184,0,-7,-0.00012,0.0,0,-0.004341600000000001,0
885959,8.495,0,1200,99,185,0,5,0.0,0.0,0,0.0,0
885964,8.5,1,1200,99,185,1,9,0.00012,0.018518518518518517,0,0.004341600000000001,0
885969,8.505,1,1200,96,185,0,2,0.00012,0.0,0,0.004341600000000001,0
885974,8.51,0,1200,96,185,0,1,0.0,0.0,0,0.0,0
885979,8.515,0,1200,71,186,0,4,0.0,0.0,0,0.0,0
885984,8.52,0,1200,71,186,0,1,0.0,0.0,0,0.0,0
885989,8.525,0,1200,52,184,-1,-6,0.0,-0.018518518518518517,0,0.0,0
885994,8.53,-7,1200,52,184,0,-1,-0.00084,0.0,0,-0.030391200000000004,0
885999,8.535,-8,1200,52,184,0,-4,-0.00096,0.0,0,-0.03473280000000001,0
886004,8.54,0,1200,52,184,0,-3,0.0,0.0,0,0.0,0
886009,8.545,1,1200,57,182,1,3,0.00012,0.018518518518518517,0,0.004341600000000001,0
886014,8.55,-1,1200,57,182,0,-1,-0.00012,0.0,0,-0.004341600000000001,0
886019,8.555,0,1200,60,181,0,4,0.0,0.0,0,0.0,0
886024,8.56,-1,1200,60,181,0,0,-0.00012,0.0,0,-0.004341600000000001,0
886029,8.565,1,1200,54,183,1,2,0.00012,0.018518518518518517,0,0.004341600000000001,0
886039,8.575,-1,1200,57,186,1,1,-0.00012,0.018518518518518517,0,-0.004341600000000001,0
886044,8.58,-1,1200,57,186,0,2,-0.00012,0.0,0,-0.004341600000000001,0
886049,8.585,2,1200,57,185,0,-5,0.00024,0.0,0,0.008683200000000002,0
886054,8.59,0,1200,57,185,0,3,0.0,0.0,0,0.0,0
886059,8.595,0,1200,77,184,1,-1,0.0,0.018518518518518517,0,0.0,0
886064,8.6,0,1200,77,184,-1,1,0.0,-0.018518518518518517,0,0.0,0
886069,8.605,0,1200,78,184,0,-3,0.0,0.0,0,0.0,0
886074,8.61,1,1200,78,184,0,0,0.00012,0.0,0,0.004341600000000001,0
886079,8.615,3,1200,77,187,0,1,0.00036,0.0,0,0.013024800000000003,0
886084,8.62,2,1200,77,187,0,-2,0.00024,0.0,0,0.008683200000000002,0
886089,8.625,2,1200,70,187,1,5,0.00024,0.018518518518518517,0,0.008683200000000002,0
886094,8.63,0,1200,70,187,0,0,0.0,0.0,0,0.0,0
886099,8.635,3,1200,67,183,0,-3,0.00036,0.0,0,0.013024800000000003,0
886104,8.64,0,1200,67,183,-1,-9,0.0,-0.018518518518518517,0,0.0,0
886109,8.645,0,1200,55,182,0,-3,0.0,0.0,0,0.0,0
886114,8.65,1,1200,55,182,1,3,0.00012,0.018518518518518517,0,0.004341600000000001,0
886119,8.655,2,1200,39,181,1,2,0.00024,0.018518518518518517,0,0.008683200000000002,0
886124,8.66,0,1200,39,181,1,3,0.0,0.018518518518518517,0,0.0,0
886129,8.665,2,1200,37,180,0,0,0.00024,0.0,0,0.008683200000000002,0
886139,8.675,-1,1200,59,180,-1,0,-0.00012,-0.018518518518518517,0,-0.004341600000000001,0
886144,8.68,-2,1200,59,180,1,-1,-0.00024,0.018518518518518517,0,-0.008683200000000002,0
886149,8.685,1,1200,63,183,1,5,0.00012,0.018518518518518517,0,0.004341600000000001,0
886154,8.69,1,1200,63,183,0,-1,0.00012,0.0,0,0.004341600000000001,0
886159,8.695,1,1200,63,182,0,-2,0.00012,0.0,0,0.004341600000000001,0
886164,8.7,1,1200,63,182,0,2,0.00012,0.0,0,0.004341600000000001,0
886169,8.705,0,1200,63,183,0,-5,0.0,0.0,0,0.0,0
886174,8.71,0,1200,63,183,0,-1,0.0,0.0,0,0.0,0
886179,8.715,1,1200,66,183,1,0,0.00012,0.018518518518518517,0,0.004341600000000001,0
886184,8.72,0,1200,66,183,1,-1,0.0,0.018518518518518517,0,0.0,0
886189,8.725,1,1200,73,184,1,3,0.00012,0.018518518518518517,0,0.004341600000000001,0
886194,8.73,0,1200,73,184,0,2,0.0,0.0,0,0.0,0
886199,8.735,0,1200,70,185,0,0,0.0,0.0,0,0.0,0
886204,8.74,1,1200,70,185,0,-10,0.00012,0.0,0,0.004341600000000001,0
886209,8.745,-6,1200,71,185,0,2,-0.00072,0.0,0,-0.026049600000000006,0
886214,8.75,-1,1200,71,185,0,0,-0.00012,0.0,0,-0.004341600000000001,0
886219,8.755,2,1200,71,182,1,3,0.00024,0.018518518518518517,0,0.008683200000000002,0
886224,8.76,0,1200,71,182,-1,-4,0.0,-0.018518518518518517,0,0.0,0
886229,8.765,1,1200,66,184,1,4,0.00012,0.018518518518518517,0,0.004341600000000001,0
886239,8.775,0,1200,71,187,2,5,0.0,0.037037037037037035,0,0.0,0
886244,8.78,2,1200,71,187,0,1,0.00024,0.0,0,0.008683200000000002,0
886249,8.785,2,1200,70,187,1,7,0.00024,0.018518518518518517,0,0.008683200000000002,0
886254,8.79,-1,1200,70,187,1,-1,-0.00012,0.018518518518518517,0,-0.004341600000000001,0
886259,8.795,0,1200,71,186,1,2,0.0,0.018518518518518517,0,0.0,0
886264,8.8,1,1200,71,186,-1,1,0.00012,-0.018518518518518517,0,0.004341600000000001,0
886269,8.805,0,1200,71,185,1,0,0.0,0.018518518518518517,0,0.0,0
886274,8.81,0,1200,71,185,1,7,0.0,0.018518518518518517,0,0.0,0
886279,8.815,1,1200,74,184,-1,-2,0.00012,-0.018518518518518517,0,0.004341600000000001,0
886284,8.82,1,1200,74,184,0,-2,0.00012,0.0,0,0.004341600000000001,0
886289,8.825,1,1200,54,183,0,-1,0.00012,0.0,0,0.004341600000000001,0
886294,8.83,0,1200,54,183,0,3,0.0,0.0,0,0.0,0
886299,8.835,1,1200,67,182,1,4,0.00012,0.018518518518518517,0,0.004341600000000001,0
886304,8.84,0,1200,67,182,0,-5,0.0,0.0,0,0.0,0
886309,8.845,0,1200,45,181,-1,-5,0.0,-0.018518518518518517,0,0.0,0
886314,8.85,6,1200,45,181,-1,-9,0.00072,-0.018518518518518517,0,0.026049600000000006,0
886319,8.855,6,1200,22,178,0,0,0.00072,0.0,0,0.026049600000000006,0
886329,8.865,0,1200,26,179,1,0,0.0,0.018518518518518517,0,0.0,0
886334,8.87,0,1200,26,179,0,3,0.0,0.0,0,0.0,0
886339,8.875,0,1200,42,183,2,4,0.0,0.037037037037037035,0,0.0,0
886344,8.88,0,1200,42,183,1,7,0.0,0.018518518518518517,0,0.0,0
886349,8.885,2,1200,70,185,-1,0,0.00024,-0.018518518518518517,0,0.008683200000000002,0
886354,8.89,0,1200,70,185,0,2,0.0,0.0,0,0.0,0
886359,8.895,0,1200,80,184,1,5,0.0,0.018518518518518517,0,0.0,0
886364,8.9,1,1200,80,184,0,4,0.00012,0.0,0,0.004341600000000001,0
886369,8.905,0,1200,75,186,0,0,0.0,0.0,0,0.0,0
886374,8.91,0,1200,75,186,1,3,0.0,0.018518518518518517,0,0.0,0
886379,8.915,2,1200,76,189,0,-1,0.00024,0.0,0,0.008683200000000002,0
886384,8.92,0,1200,76,189,2,6,0.0,0.037037037037037035,0,0.0,0
886389,8.925,1,1200,73,189,0,-2,0.00012,0.0,0,0.004341600000000001,0
886394,8.93,2,1200,73,189,1,1,0.00024,0.018518518518518517,0,0.008683200000000002,0
886399,8.935,2,1200,70,185,0,0,0.00024,0.0,0,0.008683200000000002,0
886404,8.94,0,1200,70,185,0,-7,0.0,0.0,0,0.0,0
886409,8.945,1,1200,76,182,1,5,0.00012,0.018518518518518517,0,0.004341600000000001,0
886414,8.95,1,1200,76,182,0,1,0.00012,0.0,0,0.004341600000000001,0
886424,8.96,-6,1200,84,185,-1,-3,-0.00072,-0.018518518518518517,0,-0.026049600000000006,0
886429,8.965,0,1200,87,186,1,-2,0.0,0.018518518518518517,0,0.0,0
886434,8.97,1,1200,87,186,1,-2,0.00012,0.018518518518518517,0,0.004341600000000001,0
886439,8.975,0,1200,77,185,1,1,0.0,0.018518518518518517,0,0.0,0
886444,8.98,2,1200,77,185,0,5,0.00024,0.0,0,0.008683200000000002,0
886449,8.985,2,1200,85,185,0,6,0.00024,0.0,0,0.008683200000000002,0
886454,8.99,-1,1200,85,185,0,-3,-0.00012,0.0,0,-0.004341600000000001,0
886459,8.995,1,1200,67,180,0,-1,0.00012,0.0,0,0.004341600000000001,0
886464,9.0,2,1200,67,180,-1,-6,0.00024,-0.018518518518518517,0,0.008683200000000002,0
886469,9.005,0,1200,74,181,0,-5,0.0,0.0,0,0.0,0
886474,9.01,0,1200,74,181,1,4,0.0,0.018518518518518517,0,0.0,0
886479,9.015,1,1200,76,185,1,4,0.00012,0.018518518518518517,0,0.004341600000000001,0
886484,9.02,1,1200,76,185,0,1,0.00012,0.0,0,0.004341600000000001,0
886489,9.025,0,1200,71,187,1,7,0.0,0.018518518518518517,0,0.0,0
886494,9.03,0,1200,71,187,1,1,0.0,0.018518518518518517,0,0.0,0
886499,9.035,1,1200,51,183,1,-2,0.00012,0.018518518518518517,0,0.004341600000000001,0
886504,9.04,1,1200,51,183,0,3,0.00012,0.0,0,0.004341600000000001,0
886509,9.045,0,1200,46,182,1,0,0.0,0.018518518518518517,0,0.0,0
886519,9.055,0,1200,52,185,1,3,0.0,0.018518518518518517,0,0.0,0
886524,9.06,-3,1200,52,185,1,-5,-0.00036,0.018518518518518517,0,-0.013024800000000003,0
886529,9.065,-3,1200,56,186,1,2,-0.00036,0.018518518518518517,0,-0.013024800000000003,0
886534,9.07,0,1200,56,186,1,3,0.0,0.018518518518518517,0,0.0,0
886539,9.075,0,1200,49,186,0,-2,0.0,0.0,0,0.0,0
886544,9.08,0,1200,49,186,0,-1,0.0,0.0,0,0.0,0
886549,9.085,0,1200,58,184,0,-2,0.0,0.0,0,0.0,0
886554,9.09,0,1200,58,184,0,-3,0.0,0.0,0,0.0,0
886559,9.095,0,1200,73,185,1,-2,0.0,0.018518518518518517,0,0.0,0
886564,9.1,2,1200,73,185,1,5,0.00024,0.018518518518518517,0,0.008683200000000002,0
886569,9.105,3,1200,71,183,1,1,0.00036,0.018518518518518517,0,0.013024800000000003,0
886574,9.11,2,1200,71,183,1,1,0.00024,0.018518518518518517,0,0.008683200000000002,0
886579,9.115,1,1200,73,182,1,0,0.00012,0.018518518518518517,0,0.004341600000000001,0
886584,9.12,0,1200,73,182,1,2,0.0,0.018518518518518517,0,0.0,0
886589,9.125,-1,1200,73,181,1,3,-0.00012,0.018518518518518517,0,-0.004341600000000001,0
886594,9.13,-2,1200,73,181,0,0,-0.00024,0.0,0,-0.008683200000000002,0
886599,9.135,1,1200,72,183,0,-1,0.00012,0.0,0,0.004341600000000001,0
886604,9.14,0,1200,72,183,0,-3,0.0,0.0,0,0.0,0
886614,9.15,0,1200,73,182,0,4,0.0,0.0,0,0.0,0
886619,9.155,0,1200,77,182,0,-5,0.0,0.0,0,0.0,0
886624,9.16,0,1200,77,182,0,-3,0.0,0.0,0,0.0,0
886629,9.165,4,1200,77,181,1,0,0.00048,0.018518518518518517,0,0.017366400000000004,0
886634,9.17,6,1200,77,181,0,0,0.00072,0.0,0,0.026049600000000006,0
886639,9.175,-2,1200,63,183,1,-1,-0.00024,0.018518518518518517,0,-0.008683200000000002,0
886644,9.18,0,1200,63,183,-1,-2,0.0,-0.018518518518518517,0,0.0,0
886649,9.185,2,1200,48,183,0,0,0.00024,0.0,0,0.008683200000000002,0
886654,9.19,0,1200,48,183,0,2,0.0,0.0,0,0.0,0
886659,9.195,0,1200,51,181,0,-1,0.0,0.0,0,0.0,0
886664,9.2,0,1200,51,181,0,-5,0.0,0.0,0,0.0,0
886669,9.205,1,1200,56,183,-1,-3,0.00012,-0.018518518518518517,0,0.004341600000000001,0
886674,9.21,1,1200,56,183,1,2,0.00012,0.018518518518518517,0,0.004341600000000001,0
886679,9.215,1,1200,56,183,0,0,0.00012,0.0,0,0.004341600000000001,0
886684,9.22,0,1200,56,183,1,1,0.0,0.018518518518518517,0,0.0,0
886689,9.225,0,1200,44,185,0,5,0.0,0.0,0,0.0,0
886699,9.235,4,1200,56,184,2,8,0.00048,0.037037037037037035,0,0.017366400000000004,0
886704,9.24,0,1200,56,184,0,3,0.0,0.0,0,0.0,0
886709,9.245,0,1200,57,186,0,-4,0.0,0.0,0,0.0,0
886714,9.25,0,1200,57,186,0,-1,0.0,0.0,0,0.0,0
886719,9.255,2,1200,64,185,0,-4,0.00024,0.0,0,0.008683200000000002,0
886724,9.26,1,1200,64,185,1,3,0.00012,0.018518518518518517,0,0.004341600000000001,0
886729,9.265,0,1200,69,186,1,-1,0.0,0.018518518518518517,0,0.0,0
886734,9.27,0,1200,69,186,0,-11,0.0,0.0,0,0.0,0
886739,9.275,-2,1200,61,187,-1,0,-0.00024,-0.018518518518518517,0,-0.008683200000000002,0
886744,9.28,-3,1200,61,187,0,-2,-0.00036,0.0,0,-0.013024800000000003,0
886749,9.285,1,1200,93,187,1,4,0.00012,0.018518518518518517,0,0.004341600000000001,0
886754,9.29,0,1200,93,187,0,0,0.0,0.0,0,0.0,0
886759,9.295,0,1200,89,184,0,-5,0.0,0.0,0,0.0,0
886764,9.3,0,1200,89,184,0,0,0.0,0.0,0,0.0,0
886769,9.305,-1,1200,97,181,1,1,-0.00012,0.018518518518518517,0,-0.004341600000000001,0
886779,9.315,1,1200,69,182,1,3,0.00012,0.018518518518518517,0,0.004341600000000001,0
886784,9.32,0,1200,69,182,0,-2,0.0,0.0,0,0.0,0
886789,9.325,0,1200,70,183,1,3,0.0,0.018518518518518517,0,0.0,0
886794,9.33,0,1200,70,183,0,0,0.0,0.0,0,0.0,0
886799,9.335,0,1200,66,180,1,2,0.0,0.018518518518518517,0,0.0,0
886804,9.34,1,1200,66,180,-1,-2,0.00012,-0.018518518518518517,0,0.004341600000000001,0
886809,9.345,0,1200,80,181,0,0,0.0,0.0,0,0.0,0
886814,9.35,0,1200,80,181,0,-2,0.0,0.0,0,0.0,0
886819,9.355,2,1200,72,182,0,6,0.00024,0.0,0,0.008683200000000002,0
886824,9.36,0,1200,72,182,0,1,0.0,0.0,0,0.0,0
886829,9.365,0,1200,80,184,0,-4,0.0,0.0,0,0.0,0
886834,9.37,0,1200,80,184,1,4,0.0,0.018518518518518517,0,0.0,0
886839,9.375,0,1200,72,184,0,-4,0.0,0.0,0,0.0,0
886844,9.38,0,1200,72,184,0,1,0.0,0.0,0,0.0,0
886849,9.385,4,1200,66,183,-1,0,0.00048,-0.018518518518518517,0,0.017366400000000004,0
886854,9.39,-2,1200,66,183,0,-3,-0.00024,0.0,0,-0.008683200000000002,0
886859,9.395,0,1200,52,183,0,0,0.0,0.0,0,0.0,0
886864,9.4,0,1200,52,183,0,0,0.0,0.0,0,0.0,0
886869,9.405,2,1200,47,183,0,-1,0.00024,0.0,0,0.008683200000000002,0
886874,9.41,1,1200,47,183,1,2,0.00012,0.018518518518518517,0,0.004341600000000001,0
886884,9.42,1,1200,50,184,0,0,0.00012,0.0,0,0.004341600000000001,0
886889,9.425,1,1200,63,184,1,9,0.00012,0.018518518518518517,0,0.004341600000000001,0
886894,9.43,0,1200,63,184,-1,-4,0.0,-0.018518518518518517,0,0.0,0
886899,9.435,2,1200,66,185,-1,-9,0.00024,-0.018518518518518517,0,0.008683200000000002,0
886904,9.44,1,1200,66,185,0,0,0.00012,0.0,0,0.004341600000000001,0
886909,9.445,1,1200,75,182,0,-3,0.00012,0.0,0,0.004341600000000001,0
886914,9.45,0,1200,75,182,1,4,0.0,0.018518518518518517,0,0.0,0
886919,9.455,0,1200,84,182,1,-3,0.0,0.018518518518518517,0,0.0,0
886924,9.46,0,1200,84,182,0,0,0.0,0.0,0,0.0,0
886929,9.465,0,1200,77,183,1,0,0.0,0.018518518518518517,0,0.0,0
886934,9.47,-1,1200,77,183,0,1,-0.00012,0.0,0,-0.004341600000000001,0
886939,9.475,0,1200,72,184,0,-5,0.0,0.0,0,0.0,0
886944,9.48,-1,1200,72,184,0,0,-0.00012,0.0,0,-0.004341600000000001,0
886949,9.485,1,1200,68,182,1,1,0.00012,0.018518518518518517,0,0.004341600000000001,0
886954,9.49,8,1200,68,182,0,-8,0.00096,0.0,0,0.03473280000000001,0
886959,9.495,2,1200,103,183,0,0,0.00024,0.0,0,0.008683200000000002,0
886964,9.5,1,1200,103,183,0,-5,0.00012,0.0,0,0.004341600000000001,0
886969,9.505,0,1200,109,184,0,-4,0.0,0.0,0,0.0,0
886974,9.51,-1,1200,109,184,0,-1,-0.00012,0.0,0,-0.004341600000000001,0
886979,9.515,-1,1200,101,184,1,1,-0.00012,0.018518518518518517,0,-0.004341600000000001,0
886989,9.525,0,1200,57,183,0,-2,0.0,0.0,0,0.0,0
886994,9.53,0,1200,57,183,0,0,0.0,0.0,0,0.0,0
886999,9.535,2,1200,61,183,0,0,0.00024,0.0,0,0.008683200000000002,0
887004,9.54,0,1200,61,183,0,0,0.0,0.0,0,0.0,0
887009,9.545,0,1200,55,185,-1,-6,0.0,-0.018518518518518517,0,0.0,0
887014,9.55,0,1200,55,185,1,0,0.0,0.018518518518518517,0,0.0,0
887019,9.555,2,1200,63,185,0,0,0.00024,0.0,0,0.008683200000000002,0
887024,9.56,0,1200,63,185,0,0,0.0,0.0,0,0.0,0
887029,9.565,1,1200,63,184,0,0,0.00012,0.0,0,0.004341600000000001,0
887034,9.57,1,1200,63,184,-1,-8,0.00012,-0.018518518518518517,0,0.004341600000000001,0
887039,9.575,-1,1200,57,185,1,-1,-0.00012,0.018518518518518517,0,-0.004341600000000001,0
887044,9.58,0,1200,57,185,1,3,0.0,0.018518518518518517,0,0.0,0
887049,9.585,0,1200,48,186,0,-3,0.0,0.0,0,0.0,0
887054,9.59,5,1200,48,186,1,3,0.0006000000000000001,0.018518518518518517,0,0.021708000000000005,0
887059,9.595,3,1200,58,183,1,0,0.00036,0.018518518518518517,0,0.013024800000000003,0
887064,9.6,0,1200,58,183,-1,-5,0.0,-0.018518518518518517,0,0.0,0
887069,9.605,0,1200,54,179,0,-4,0.0,0.0,0,0.0,0
887074,9.61,1,1200,54,179,0,3,0.00012,0.0,0,0.004341600000000001,0
887079,9.615,0,1200,72,181,1,3,0.0,0.018518518518518517,0,0.0,0
887084,9.62,0,1200,72,181,-1,-6,0.0,-0.018518518518518517,0,0.0,0
887094,9.63,-1,1200,81,181,1,5,-0.00012,0.018518518518518517,0,-0.004341600000000001,0
887099,9.635,2,1200,82,183,0,-5,0.00024,0.0,0,0.008683200000000002,0
887104,9.64,0,1200,82,183,0,-4,0.0,0.0,0,0.0,0
887109,9.645,1,1200,87,180,1,0,0.00012,0.018518518518518517,0,0.004341600000000001,0
887114,9.65,0,1200,87,180,0,6,0.0,0.0,0,0.0,0
887119,9.655,1,1200,73,182,0,4,0.00012,0.0,0,0.004341600000000001,0
887124,9.66,0,1200,73,182,1,2,0.0,0.018518518518518517,0,0.0,0
887129,9.665,0,1200,66,183,0,5,0.0,0.0,0,0.0,0
887134,9.67,0,1200,66,183,1,0,0.0,0.018518518518518517,0,0.0,0
887139,9.675,0,1200,68,182,0,1,0.0,0.0,0,0.0,0
887144,9.68,0,1200,68,182,-1,-11,0.0,-0.018518518518518517,0,0.0,0
887149,9.685,1,1200,75,183,0,-1,0.00012,0.0,0,0.004341600000000001,0
887154,9.69,0,1200,75,183,0,1,0.0,0.0,0,0.0,0
887159,9.695,-2,1200,62,183,0,-5,-0.00024,0.0,0,-0.008683200000000002,0
887164,9.7,0,1200,62,183,0,-2,0.0,0.0,0,0.0,0
887169,9.705,0,1200,58,184,-1,-7,0.0,-0.018518518518518517,0,0.0,0
887174,9.71,1,1200,58,184,0,0,0.00012,0.0,0,0.004341600000000001,0
887179,9.715,2,1200,47,185,0,-7,0.00024,0.0,0,0.008683200000000002,0
887184,9.72,1,1200,47,185,0,-1,0.00012,0.0,0,0.004341600000000001,0
887189,9.725,2,1200,57,185,0,-5,0.00024,0.0,0,0.008683200000000002,0
887194,9.73,0,1200,57,185,0,-2,0.0,0.0,0,0.0,0
887199,9.735,0,1200,63,185,0,-3,0.0,0.0,0,0.0,0
887209,9.745,0,1200,62,183,1,3,0.0,0.018518518518518517,0,0.0,0
887214,9.75,0,1200,62,183,1,3,0.0,0.018518518518518517,0,0.0,0
887219,9.755,2,1200,79,184,0,3,0.00024,0.0,0,0.008683200000000002,0
887224,9.76,0,1200,79,184,1,4,0.0,0.018518518518518517,0,0.0,0
887229,9.765,1,1200,79,187,1,3,0.00012,0.018518518518518517,0,0.004341600000000001,0
887234,9.77,0,1200,79,187,0,0,0.0,0.0,0,0.0,0
887239,9.775,0,1200,82,186,1,4,0.0,0.018518518518518517,0,0.0,0
887244,9.78,-1,1200,82,186,1,1,-0.00012,0.018518518518518517,0,-0.004341600000000001,0
887249,9.785,3,1200,59,182,0,-2,0.00036,0.0,0,0.013024800000000003,0
887254,9.79,3,1200,59,182,0,1,0.00036,0.0,0,0.013024800000000003,0
887259,9.795,8,1200,57,181,0,-3,0.00096,0.0,0,0.03473280000000001,0
887264,9.8,6,1200,57,181,1,2,0.00072,0.018518518518518517,0,0.026049600000000006,0
887269,9.805,1,1200,61,183,-1,-5,0.00012,-0.018518518518518517,0,0.004341600000000001,0
887274,9.81,1,1200,61,183,1,12,0.00012,0.018518518518518517,0,0.004341600000000001,0
887279,9.815,1,1200,74,184,0,3,0.00012,0.0,0,0.004341600000000001,0
887284,9.82,0,1200,74,184,1,1,0.0,0.018518518518518517,0,0.0,0
887289,9.825,1,1200,79,185,0,-1,0.00012,0.0,0,0.004341600000000001,0
887294,9.83,0,1200,79,185,1,2,0.0,0.018518518518518517,0,0.0,0
887299,9.835,1,1200,69,183,0,-1,0.00012,0.0,0,0.004341600000000001,0
887304,9.84,0,1200,69,183,0,-2,0.0,0.0,0,0.0,0
887314,9.85,0,1200,63,183,0,4,0.0,0.0,0,0.0,0
887319,9.855,4,1200,53,182,1,4,0.00048,0.018518518518518517,0,0.017366400000000004,0
887324,9.86,0,1200,53,182,0,0,0.0,0.0,0,0.0,0
887329,9.865,1,1200,60,181,1,-5,0.00012,0.018518518518518517,0,0.004341600000000001,0
887334,9.87,0,1200,60,181,0,2,0.0,0.0,0,0.0,0
887339,9.875,0,1200,59,183,1,4,0.0,0.018518518518518517,0,0.0,0
887344,9.88,0,1200,59,183,0,0,0.0,0.0,0,0.0,0
887349,9.885,0,1200,60,186,1,-1,0.0,0.018518518518518517,0,0.0,0
887354,9.89,1,1200,60,186,-1,0,0.00012,-0.018518518518518517,0,0.004341600000000001,0
887359,9.895,6,1200,69,185,1,1,0.00072,0.018518518518518517,0,0.026049600000000006,0
